INDEX,PROGRAM,PROJECT,SKU,BUSAREA,A_L,ACCT,ENTITY,AMOUNT
0,PROGRAM-hours,PROJECT-bumps,SKU-facepieces,BUSAREA-vices,ASSETS,ACCT1285,ENTITY04,2988471987.66
1,PROGRAM-attention,PROJECT-bumps,SKU-frequencies,BUSAREA-fiction,ASSETS,ACCT1428,ENTITY06,4346868345.69
2,PROGRAM-stars,PROJECT-bumps,SKU-frequencies,BUSAREA-inventions,ASSETS,ACCT1428,ENTITY07,-3502459798.81
3,PROGRAM-computation,PROJECT-hairpin,SKU-grinders,BUSAREA-pair,ASSETS,ACCT1285,ENTITY02,-2195462221.9
4,PROGRAM-hours,PROJECT-hairpin,SKU-grinders,BUSAREA-pair,ASSETS,ACCT1999,ENTITY03,1079374403.41
5,PROGRAM-attention,PROJECT-hairpin,SKU-frequencies,BUSAREA-inventions,ASSETS,ACCT1570,ENTITY03,2459798810.49
6,PROGRAM-computation,PROJECT-bumps,SKU-frequencies,BUSAREA-directives,ASSETS,ACCT1856,ENTITY05,3708054923.27
7,PROGRAM-stars,PROJECT-bumps,SKU-facepieces,BUSAREA-directives,ASSETS,ACCT1999,ENTITY05,-2672736617.96
8,PROGRAM-hours,PROJECT-hairpin,SKU-accruement,BUSAREA-pair,ASSETS,ACCT1428,ENTITY06,1108745135.47
9,PROGRAM-hours,PROJECT-hairpin,SKU-facepieces,BUSAREA-oar,ASSETS,ACCT1570,ENTITY01,521330494.16
10,PROGRAM-computation,PROJECT-briefing,SKU-accruement,BUSAREA-pair,ASSETS,ACCT1285,ENTITY05,3752111021.37
11,PROGRAM-hours,PROJECT-bumps,SKU-facepieces,BUSAREA-pair,ASSETS,ACCT1285,ENTITY09,-2834275644.32
12,PROGRAM-stars,PROJECT-yolk,SKU-facepieces,BUSAREA-owners,ASSETS,ACCT1999,ENTITY05,-1534620750.42
13,PROGRAM-hours,PROJECT-yolk,SKU-accruement,BUSAREA-vices,ASSETS,ACCT1428,ENTITY06,-1586019531.54
14,PROGRAM-attention,PROJECT-hairpin,SKU-grinders,BUSAREA-fiction,ASSETS,ACCT1142,ENTITY05,-1718187825.83
15,PROGRAM-attention,PROJECT-yolk,SKU-accruement,BUSAREA-adjective,ASSETS,ACCT1428,ENTITY08,-1395109773.11
16,PROGRAM-hours,PROJECT-bumps,SKU-facepieces,BUSAREA-bolt,ASSETS,ACCT1713,ENTITY02,-3553858579.93
17,PROGRAM-stars,PROJECT-briefing,SKU-facepieces,BUSAREA-hierarchy,ASSETS,ACCT1856,ENTITY02,-2944415889.57
18,PROGRAM-computation,PROJECT-hairpin,SKU-frequencies,BUSAREA-owners,ASSETS,ACCT1142,ENTITY02,-88112196.2
19,PROGRAM-hours,PROJECT-briefing,SKU-grinders,BUSAREA-hierarchy,ASSETS,ACCT1713,ENTITY11,-513987811.15
20,PROGRAM-computation,PROJECT-hairpin,SKU-accruement,BUSAREA-bolt,ASSETS,ACCT1999,ENTITY05,3788824436.45
21,PROGRAM-hours,PROJECT-briefing,SKU-facepieces,BUSAREA-vices,ASSETS,ACCT1856,ENTITY03,991262207.21
22,PROGRAM-attention,PROJECT-hairpin,SKU-frequencies,BUSAREA-inventions,ASSETS,ACCT1856,ENTITY02,-256993905.57
23,PROGRAM-stars,PROJECT-yolk,SKU-grinders,BUSAREA-directives,ASSETS,ACCT1999,ENTITY04,2019237829.5
24,PROGRAM-computation,PROJECT-bumps,SKU-facepieces,BUSAREA-oar,ASSETS,ACCT1285,ENTITY05,4155958587.27
25,PROGRAM-hours,PROJECT-briefing,SKU-facepieces,BUSAREA-inventions,ASSETS,ACCT1142,ENTITY09,1571334165.5
26,PROGRAM-attention,PROJECT-briefing,SKU-frequencies,BUSAREA-fiction,ASSETS,ACCT1142,ENTITY04,1020632939.28
27,PROGRAM-computation,PROJECT-bumps,SKU-grinders,BUSAREA-inventions,ASSETS,ACCT1142,ENTITY01,-785667082.75
28,PROGRAM-computation,PROJECT-bumps,SKU-grinders,BUSAREA-bolt,ASSETS,ACCT1713,ENTITY09,3142668331.01
29,PROGRAM-stars,PROJECT-bumps,SKU-accruement,BUSAREA-fiction,ASSETS,ACCT1285,ENTITY01,-1196857331.67
30,PROGRAM-attention,PROJECT-briefing,SKU-facepieces,BUSAREA-owners,ASSETS,ACCT1999,ENTITY04,1387767090.09
31,PROGRAM-stars,PROJECT-yolk,SKU-grinders,BUSAREA-directives,ASSETS,ACCT1428,ENTITY11,469931713.05
32,PROGRAM-stars,PROJECT-bumps,SKU-facepieces,BUSAREA-oar,ASSETS,ACCT1856,ENTITY06,-3039870768.78
33,PROGRAM-computation,PROJECT-yolk,SKU-frequencies,BUSAREA-adjective,ASSETS,ACCT1999,ENTITY03,-315735369.7
34,PROGRAM-hours,PROJECT-briefing,SKU-accruement,BUSAREA-hierarchy,ASSETS,ACCT1428,ENTITY01,-2423085395.4
35,PROGRAM-stars,PROJECT-yolk,SKU-grinders,BUSAREA-oar,ASSETS,ACCT1713,ENTITY02,-2929730523.53
36,PROGRAM-hours,PROJECT-hairpin,SKU-grinders,BUSAREA-inventions,ASSETS,ACCT1570,ENTITY06,2019237829.5
37,PROGRAM-hours,PROJECT-briefing,SKU-facepieces,BUSAREA-vices,ASSETS,ACCT1570,ENTITY11,1086717086.42
38,PROGRAM-attention,PROJECT-yolk,SKU-accruement,BUSAREA-directives,ASSETS,ACCT1428,ENTITY03,1806300022.03
39,PROGRAM-computation,PROJECT-briefing,SKU-frequencies,BUSAREA-pair,ASSETS,ACCT1142,ENTITY10,3869593949.63
40,PROGRAM-attention,PROJECT-yolk,SKU-grinders,BUSAREA-oar,ASSETS,ACCT1142,ENTITY11,4339525662.68
41,PROGRAM-hours,PROJECT-bumps,SKU-facepieces,BUSAREA-directives,ASSETS,ACCT1428,ENTITY07,3715397606.29
42,PROGRAM-stars,PROJECT-briefing,SKU-grinders,BUSAREA-hierarchy,ASSETS,ACCT1570,ENTITY08,4324840296.64
43,PROGRAM-stars,PROJECT-bumps,SKU-facepieces,BUSAREA-owners,ASSETS,ACCT1428,ENTITY02,2599309787.8
44,PROGRAM-attention,PROJECT-briefing,SKU-accruement,BUSAREA-directives,ASSETS,ACCT1142,ENTITY07,653498788.46
45,PROGRAM-stars,PROJECT-bumps,SKU-accruement,BUSAREA-vices,ASSETS,ACCT1285,ENTITY09,-1101402452.46
46,PROGRAM-attention,PROJECT-yolk,SKU-grinders,BUSAREA-adjective,ASSETS,ACCT1856,ENTITY10,-2254203686.03
47,PROGRAM-stars,PROJECT-bumps,SKU-grinders,BUSAREA-pair,ASSETS,ACCT1999,ENTITY02,2122035391.73
48,PROGRAM-attention,PROJECT-yolk,SKU-facepieces,BUSAREA-oar,ASSETS,ACCT1570,ENTITY10,3495117115.79
49,PROGRAM-computation,PROJECT-hairpin,SKU-frequencies,BUSAREA-fiction,ASSETS,ACCT1999,ENTITY02,146853660.33
50,PROGRAM-attention,PROJECT-hairpin,SKU-grinders,BUSAREA-bolt,ASSETS,ACCT1713,ENTITY06,-3039870768.78
51,PROGRAM-stars,PROJECT-briefing,SKU-grinders,BUSAREA-inventions,ASSETS,ACCT1856,ENTITY11,1226228063.73
52,PROGRAM-hours,PROJECT-yolk,SKU-grinders,BUSAREA-bolt,ASSETS,ACCT1999,ENTITY07,-2195462221.9
53,PROGRAM-attention,PROJECT-hairpin,SKU-accruement,BUSAREA-inventions,ASSETS,ACCT1713,ENTITY06,2401057346.35
54,PROGRAM-stars,PROJECT-hairpin,SKU-accruement,BUSAREA-hierarchy,ASSETS,ACCT1713,ENTITY08,-44056098.1
55,PROGRAM-hours,PROJECT-briefing,SKU-accruement,BUSAREA-vices,ASSETS,ACCT1713,ENTITY04,748953667.67
56,PROGRAM-stars,PROJECT-briefing,SKU-accruement,BUSAREA-oar,ASSETS,ACCT1285,ENTITY02,-660841471.47
57,PROGRAM-hours,PROJECT-briefing,SKU-frequencies,BUSAREA-oar,ASSETS,ACCT1570,ENTITY06,-851751229.9
58,PROGRAM-attention,PROJECT-briefing,SKU-facepieces,BUSAREA-oar,ASSETS,ACCT1999,ENTITY07,345106101.77
59,PROGRAM-hours,PROJECT-bumps,SKU-grinders,BUSAREA-directives,ASSETS,ACCT1285,ENTITY08,-2195462221.9
60,PROGRAM-hours,PROJECT-hairpin,SKU-facepieces,BUSAREA-inventions,ASSETS,ACCT1856,ENTITY03,793009765.77
61,PROGRAM-computation,PROJECT-bumps,SKU-grinders,BUSAREA-adjective,ASSETS,ACCT1570,ENTITY08,-2680079300.98
62,PROGRAM-stars,PROJECT-hairpin,SKU-facepieces,BUSAREA-directives,ASSETS,ACCT1285,ENTITY05,961891475.15
63,PROGRAM-computation,PROJECT-briefing,SKU-accruement,BUSAREA-hierarchy,ASSETS,ACCT1142,ENTITY05,-1270284161.83
64,PROGRAM-hours,PROJECT-hairpin,SKU-grinders,BUSAREA-oar,ASSETS,ACCT1713,ENTITY09,4111902489.17
65,PROGRAM-attention,PROJECT-hairpin,SKU-frequencies,BUSAREA-bolt,ASSETS,ACCT1285,ENTITY02,2305602467.14
66,PROGRAM-attention,PROJECT-bumps,SKU-facepieces,BUSAREA-pair,ASSETS,ACCT1142,ENTITY09,-3039870768.78
67,PROGRAM-attention,PROJECT-yolk,SKU-facepieces,BUSAREA-adjective,ASSETS,ACCT1856,ENTITY07,-1615390263.6
68,PROGRAM-computation,PROJECT-bumps,SKU-facepieces,BUSAREA-hierarchy,ASSETS,ACCT1999,ENTITY09,1791614656.0
69,PROGRAM-computation,PROJECT-hairpin,SKU-accruement,BUSAREA-inventions,ASSETS,ACCT1999,ENTITY09,1747558557.9
70,PROGRAM-hours,PROJECT-yolk,SKU-facepieces,BUSAREA-vices,ASSETS,ACCT1428,ENTITY10,205595124.46
71,PROGRAM-hours,PROJECT-yolk,SKU-frequencies,BUSAREA-pair,ASSETS,ACCT1428,ENTITY10,-2518540274.62
72,PROGRAM-computation,PROJECT-yolk,SKU-facepieces,BUSAREA-owners,ASSETS,ACCT1713,ENTITY07,1622732946.62
73,PROGRAM-stars,PROJECT-yolk,SKU-facepieces,BUSAREA-vices,ASSETS,ACCT1999,ENTITY09,3348263455.47
74,PROGRAM-stars,PROJECT-bumps,SKU-accruement,BUSAREA-pair,ASSETS,ACCT1570,ENTITY07,-44056098.1
75,PROGRAM-computation,PROJECT-hairpin,SKU-grinders,BUSAREA-vices,ASSETS,ACCT1142,ENTITY02,1101402452.46
76,PROGRAM-attention,PROJECT-briefing,SKU-frequencies,BUSAREA-owners,ASSETS,ACCT1713,ENTITY02,-2511197591.6
77,PROGRAM-hours,PROJECT-hairpin,SKU-facepieces,BUSAREA-pair,ASSETS,ACCT1428,ENTITY10,3157353697.04
78,PROGRAM-stars,PROJECT-hairpin,SKU-accruement,BUSAREA-fiction,ASSETS,ACCT1713,ENTITY07,308392686.69
79,PROGRAM-hours,PROJECT-hairpin,SKU-facepieces,BUSAREA-hierarchy,ASSETS,ACCT1713,ENTITY03,1123430501.51
80,PROGRAM-attention,PROJECT-briefing,SKU-frequencies,BUSAREA-bolt,ASSETS,ACCT1999,ENTITY11,4390924443.79
81,PROGRAM-stars,PROJECT-yolk,SKU-frequencies,BUSAREA-vices,ASSETS,ACCT1285,ENTITY10,-1152801233.57
82,PROGRAM-hours,PROJECT-yolk,SKU-grinders,BUSAREA-directives,ASSETS,ACCT1428,ENTITY03,-1953153682.36
83,PROGRAM-hours,PROJECT-yolk,SKU-accruement,BUSAREA-inventions,ASSETS,ACCT1570,ENTITY08,-2518540274.62
84,PROGRAM-hours,PROJECT-briefing,SKU-facepieces,BUSAREA-pair,ASSETS,ACCT1428,ENTITY04,-1828328071.08
85,PROGRAM-computation,PROJECT-yolk,SKU-facepieces,BUSAREA-directives,ASSETS,ACCT1856,ENTITY01,-3252808576.25
86,PROGRAM-attention,PROJECT-hairpin,SKU-facepieces,BUSAREA-directives,ASSETS,ACCT1713,ENTITY07,-969234158.16
87,PROGRAM-hours,PROJECT-hairpin,SKU-grinders,BUSAREA-inventions,ASSETS,ACCT1856,ENTITY04,1776929289.96
88,PROGRAM-stars,PROJECT-yolk,SKU-facepieces,BUSAREA-vices,ASSETS,ACCT1856,ENTITY04,-2834275644.32
89,PROGRAM-computation,PROJECT-bumps,SKU-grinders,BUSAREA-inventions,ASSETS,ACCT1856,ENTITY03,-1505250018.36
90,PROGRAM-hours,PROJECT-bumps,SKU-accruement,BUSAREA-oar,ASSETS,ACCT1285,ENTITY06,-3164696380.06
91,PROGRAM-attention,PROJECT-yolk,SKU-accruement,BUSAREA-directives,ASSETS,ACCT1713,ENTITY06,-2254203686.03
92,PROGRAM-attention,PROJECT-yolk,SKU-accruement,BUSAREA-bolt,ASSETS,ACCT1285,ENTITY06,-2239518319.99
93,PROGRAM-hours,PROJECT-bumps,SKU-accruement,BUSAREA-oar,ASSETS,ACCT1856,ENTITY08,-44056098.1
94,PROGRAM-hours,PROJECT-hairpin,SKU-facepieces,BUSAREA-bolt,ASSETS,ACCT1570,ENTITY03,-837065863.87
95,PROGRAM-stars,PROJECT-hairpin,SKU-accruement,BUSAREA-owners,ASSETS,ACCT1285,ENTITY05,-2166091489.83
96,PROGRAM-attention,PROJECT-briefing,SKU-facepieces,BUSAREA-owners,ASSETS,ACCT1999,ENTITY10,-3429032968.65
97,PROGRAM-hours,PROJECT-bumps,SKU-frequencies,BUSAREA-directives,ASSETS,ACCT1285,ENTITY06,1563991482.49
98,PROGRAM-computation,PROJECT-yolk,SKU-accruement,BUSAREA-owners,ASSETS,ACCT1142,ENTITY02,4177986636.32
99,PROGRAM-hours,PROJECT-briefing,SKU-grinders,BUSAREA-fiction,ASSETS,ACCT1570,ENTITY05,800352448.78
100,PROGRAM-attention,PROJECT-hairpin,SKU-accruement,BUSAREA-pair,ASSETS,ACCT1142,ENTITY03,3135325647.99
101,PROGRAM-hours,PROJECT-yolk,SKU-accruement,BUSAREA-adjective,ASSETS,ACCT1570,ENTITY11,-2819590278.29
102,PROGRAM-computation,PROJECT-bumps,SKU-grinders,BUSAREA-owners,ASSETS,ACCT1856,ENTITY10,-3531830530.88
103,PROGRAM-stars,PROJECT-yolk,SKU-accruement,BUSAREA-owners,ASSETS,ACCT1142,ENTITY07,-1431823188.19
104,PROGRAM-attention,PROJECT-briefing,SKU-frequencies,BUSAREA-bolt,ASSETS,ACCT1428,ENTITY11,-1798957339.01
105,PROGRAM-stars,PROJECT-briefing,SKU-facepieces,BUSAREA-fiction,ASSETS,ACCT1570,ENTITY05,-3010500036.71
106,PROGRAM-computation,PROJECT-hairpin,SKU-frequencies,BUSAREA-oar,ASSETS,ACCT1428,ENTITY01,-1718187825.83
107,PROGRAM-computation,PROJECT-hairpin,SKU-grinders,BUSAREA-oar,ASSETS,ACCT1142,ENTITY10,3260151259.27
108,PROGRAM-computation,PROJECT-bumps,SKU-accruement,BUSAREA-hierarchy,ASSETS,ACCT1142,ENTITY10,-1747558557.9
109,PROGRAM-attention,PROJECT-hairpin,SKU-facepieces,BUSAREA-pair,ASSETS,ACCT1856,ENTITY11,3252808576.25
110,PROGRAM-stars,PROJECT-bumps,SKU-grinders,BUSAREA-inventions,ASSETS,ACCT1428,ENTITY01,-1086717086.42
111,PROGRAM-hours,PROJECT-briefing,SKU-accruement,BUSAREA-directives,ASSETS,ACCT1856,ENTITY01,-220280490.49
112,PROGRAM-attention,PROJECT-briefing,SKU-grinders,BUSAREA-directives,ASSETS,ACCT1428,ENTITY09,-2819590278.29
113,PROGRAM-computation,PROJECT-hairpin,SKU-frequencies,BUSAREA-vices,ASSETS,ACCT1999,ENTITY02,4031132975.99
114,PROGRAM-computation,PROJECT-briefing,SKU-frequencies,BUSAREA-adjective,ASSETS,ACCT1142,ENTITY10,-2415742712.39
115,PROGRAM-computation,PROJECT-yolk,SKU-frequencies,BUSAREA-hierarchy,ASSETS,ACCT1570,ENTITY11,2694764667.01
116,PROGRAM-hours,PROJECT-hairpin,SKU-grinders,BUSAREA-fiction,ASSETS,ACCT1570,ENTITY10,778324399.74
117,PROGRAM-computation,PROJECT-hairpin,SKU-frequencies,BUSAREA-vices,ASSETS,ACCT1428,ENTITY09,-301050003.67
118,PROGRAM-stars,PROJECT-yolk,SKU-facepieces,BUSAREA-hierarchy,ASSETS,ACCT1570,ENTITY10,-3142668331.01
119,PROGRAM-hours,PROJECT-yolk,SKU-grinders,BUSAREA-inventions,ASSETS,ACCT1428,ENTITY06,-543358543.21
120,PROGRAM-stars,PROJECT-briefing,SKU-frequencies,BUSAREA-inventions,ASSETS,ACCT1570,ENTITY11,1152801233.57
121,PROGRAM-hours,PROJECT-yolk,SKU-facepieces,BUSAREA-directives,ASSETS,ACCT1142,ENTITY01,-3524487847.86
122,PROGRAM-computation,PROJECT-hairpin,SKU-facepieces,BUSAREA-bolt,ASSETS,ACCT1142,ENTITY05,3487774432.78
123,PROGRAM-attention,PROJECT-bumps,SKU-grinders,BUSAREA-bolt,ASSETS,ACCT1142,ENTITY10,-2092664659.67
124,PROGRAM-hours,PROJECT-hairpin,SKU-accruement,BUSAREA-inventions,ASSETS,ACCT1142,ENTITY06,-2995814670.68
125,PROGRAM-stars,PROJECT-yolk,SKU-frequencies,BUSAREA-fiction,ASSETS,ACCT1570,ENTITY01,124825611.28
126,PROGRAM-attention,PROJECT-yolk,SKU-grinders,BUSAREA-oar,ASSETS,ACCT1570,ENTITY09,3047213451.8
127,PROGRAM-attention,PROJECT-hairpin,SKU-accruement,BUSAREA-fiction,ASSETS,ACCT1570,ENTITY10,3458403700.71
128,PROGRAM-attention,PROJECT-briefing,SKU-facepieces,BUSAREA-vices,ASSETS,ACCT1285,ENTITY08,-2217490270.95
129,PROGRAM-hours,PROJECT-hairpin,SKU-grinders,BUSAREA-bolt,ASSETS,ACCT1570,ENTITY08,2907702474.48
130,PROGRAM-computation,PROJECT-bumps,SKU-facepieces,BUSAREA-oar,ASSETS,ACCT1999,ENTITY11,-1101402452.46
131,PROGRAM-hours,PROJECT-yolk,SKU-accruement,BUSAREA-directives,ASSETS,ACCT1999,ENTITY07,3260151259.27
132,PROGRAM-attention,PROJECT-briefing,SKU-accruement,BUSAREA-bolt,ASSETS,ACCT1285,ENTITY04,-3340920772.45
133,PROGRAM-hours,PROJECT-yolk,SKU-grinders,BUSAREA-vices,ASSETS,ACCT1570,ENTITY05,3091269549.89
134,PROGRAM-computation,PROJECT-hairpin,SKU-accruement,BUSAREA-directives,ASSETS,ACCT1142,ENTITY07,-976576841.18
135,PROGRAM-hours,PROJECT-hairpin,SKU-accruement,BUSAREA-bolt,ASSETS,ACCT1428,ENTITY10,-1336368308.98
136,PROGRAM-attention,PROJECT-briefing,SKU-facepieces,BUSAREA-directives,ASSETS,ACCT1428,ENTITY07,624128056.39
137,PROGRAM-stars,PROJECT-bumps,SKU-frequencies,BUSAREA-hierarchy,ASSETS,ACCT1428,ENTITY06,2254203686.03
138,PROGRAM-stars,PROJECT-yolk,SKU-accruement,BUSAREA-adjective,ASSETS,ACCT1570,ENTITY06,602100007.34
139,PROGRAM-computation,PROJECT-briefing,SKU-frequencies,BUSAREA-fiction,ASSETS,ACCT1570,ENTITY04,-2782876863.21
140,PROGRAM-computation,PROJECT-hairpin,SKU-accruement,BUSAREA-inventions,ASSETS,ACCT1713,ENTITY01,88112196.2
141,PROGRAM-stars,PROJECT-briefing,SKU-frequencies,BUSAREA-oar,ASSETS,ACCT1428,ENTITY01,2474484176.52
142,PROGRAM-hours,PROJECT-bumps,SKU-accruement,BUSAREA-pair,ASSETS,ACCT1999,ENTITY08,-3436375651.66
143,PROGRAM-computation,PROJECT-hairpin,SKU-frequencies,BUSAREA-directives,ASSETS,ACCT1570,ENTITY11,345106101.77
144,PROGRAM-hours,PROJECT-briefing,SKU-frequencies,BUSAREA-fiction,ASSETS,ACCT1999,ENTITY11,3509802481.83
145,PROGRAM-attention,PROJECT-bumps,SKU-grinders,BUSAREA-hierarchy,ASSETS,ACCT1999,ENTITY09,-2401057346.35
146,PROGRAM-computation,PROJECT-briefing,SKU-facepieces,BUSAREA-pair,ASSETS,ACCT1570,ENTITY08,-1820985388.06
147,PROGRAM-stars,PROJECT-bumps,SKU-facepieces,BUSAREA-fiction,ASSETS,ACCT1428,ENTITY03,1931125633.31
148,PROGRAM-hours,PROJECT-bumps,SKU-frequencies,BUSAREA-directives,ASSETS,ACCT1999,ENTITY06,1005947573.24
149,PROGRAM-hours,PROJECT-briefing,SKU-facepieces,BUSAREA-oar,ASSETS,ACCT1713,ENTITY02,3003157353.7
150,PROGRAM-hours,PROJECT-yolk,SKU-grinders,BUSAREA-owners,ASSETS,ACCT1856,ENTITY05,-1094059769.44
151,PROGRAM-stars,PROJECT-bumps,SKU-facepieces,BUSAREA-pair,ASSETS,ACCT1142,ENTITY07,-2232175636.98
152,PROGRAM-attention,PROJECT-yolk,SKU-grinders,BUSAREA-vices,ASSETS,ACCT1570,ENTITY03,-2246861003.01
153,PROGRAM-hours,PROJECT-yolk,SKU-grinders,BUSAREA-inventions,ASSETS,ACCT1856,ENTITY09,4082531757.1
154,PROGRAM-stars,PROJECT-briefing,SKU-grinders,BUSAREA-bolt,ASSETS,ACCT1570,ENTITY02,3443718334.68
155,PROGRAM-attention,PROJECT-bumps,SKU-accruement,BUSAREA-fiction,ASSETS,ACCT1142,ENTITY07,-1703502459.8
156,PROGRAM-stars,PROJECT-briefing,SKU-frequencies,BUSAREA-pair,ASSETS,ACCT1713,ENTITY05,748953667.67
157,PROGRAM-stars,PROJECT-briefing,SKU-facepieces,BUSAREA-directives,ASSETS,ACCT1570,ENTITY10,-1843013437.11
158,PROGRAM-stars,PROJECT-yolk,SKU-accruement,BUSAREA-oar,ASSETS,ACCT1713,ENTITY06,4302812247.6
159,PROGRAM-computation,PROJECT-bumps,SKU-grinders,BUSAREA-oar,ASSETS,ACCT1856,ENTITY07,80769513.18
160,PROGRAM-computation,PROJECT-yolk,SKU-accruement,BUSAREA-vices,ASSETS,ACCT1285,ENTITY01,3987076877.89
161,PROGRAM-attention,PROJECT-bumps,SKU-frequencies,BUSAREA-pair,ASSETS,ACCT1142,ENTITY07,925178060.06
162,PROGRAM-hours,PROJECT-yolk,SKU-grinders,BUSAREA-adjective,ASSETS,ACCT1999,ENTITY02,3164696380.06
163,PROGRAM-hours,PROJECT-briefing,SKU-accruement,BUSAREA-hierarchy,ASSETS,ACCT1999,ENTITY05,286364637.64
164,PROGRAM-attention,PROJECT-hairpin,SKU-facepieces,BUSAREA-owners,ASSETS,ACCT1570,ENTITY08,1204200014.69
165,PROGRAM-hours,PROJECT-yolk,SKU-grinders,BUSAREA-bolt,ASSETS,ACCT1856,ENTITY01,-477274396.06
166,PROGRAM-hours,PROJECT-briefing,SKU-accruement,BUSAREA-adjective,ASSETS,ACCT1285,ENTITY03,-183567075.41
167,PROGRAM-stars,PROJECT-yolk,SKU-grinders,BUSAREA-adjective,ASSETS,ACCT1713,ENTITY01,2533225640.65
168,PROGRAM-hours,PROJECT-hairpin,SKU-grinders,BUSAREA-hierarchy,ASSETS,ACCT1142,ENTITY08,-2988471987.66
169,PROGRAM-stars,PROJECT-bumps,SKU-grinders,BUSAREA-hierarchy,ASSETS,ACCT1999,ENTITY04,1189514648.65
170,PROGRAM-attention,PROJECT-yolk,SKU-facepieces,BUSAREA-owners,ASSETS,ACCT1142,ENTITY11,-3546515896.91
171,PROGRAM-hours,PROJECT-hairpin,SKU-accruement,BUSAREA-adjective,ASSETS,ACCT1999,ENTITY10,3032528085.76
172,PROGRAM-computation,PROJECT-hairpin,SKU-grinders,BUSAREA-inventions,ASSETS,ACCT1142,ENTITY06,-1835670754.09
173,PROGRAM-computation,PROJECT-yolk,SKU-accruement,BUSAREA-owners,ASSETS,ACCT1428,ENTITY10,3597914678.02
174,PROGRAM-hours,PROJECT-yolk,SKU-facepieces,BUSAREA-inventions,ASSETS,ACCT1999,ENTITY03,3054556134.81
175,PROGRAM-attention,PROJECT-yolk,SKU-accruement,BUSAREA-oar,ASSETS,ACCT1713,ENTITY02,-3017842719.73
176,PROGRAM-hours,PROJECT-bumps,SKU-frequencies,BUSAREA-inventions,ASSETS,ACCT1142,ENTITY09,-866436595.93
177,PROGRAM-computation,PROJECT-bumps,SKU-frequencies,BUSAREA-adjective,ASSETS,ACCT1142,ENTITY05,2951758572.58
178,PROGRAM-attention,PROJECT-bumps,SKU-grinders,BUSAREA-directives,ASSETS,ACCT1285,ENTITY10,-1725530508.85
179,PROGRAM-stars,PROJECT-yolk,SKU-frequencies,BUSAREA-vices,ASSETS,ACCT1570,ENTITY06,903150011.01
180,PROGRAM-stars,PROJECT-briefing,SKU-facepieces,BUSAREA-pair,ASSETS,ACCT1713,ENTITY02,403847565.9
181,PROGRAM-hours,PROJECT-hairpin,SKU-accruement,BUSAREA-fiction,ASSETS,ACCT1570,ENTITY07,-1020632939.28
182,PROGRAM-hours,PROJECT-briefing,SKU-grinders,BUSAREA-fiction,ASSETS,ACCT1142,ENTITY02,-1630075629.64
183,PROGRAM-computation,PROJECT-bumps,SKU-grinders,BUSAREA-oar,ASSETS,ACCT1570,ENTITY02,-1336368308.98
184,PROGRAM-hours,PROJECT-yolk,SKU-grinders,BUSAREA-owners,ASSETS,ACCT1142,ENTITY09,-3663998825.17
185,PROGRAM-attention,PROJECT-bumps,SKU-grinders,BUSAREA-oar,ASSETS,ACCT1428,ENTITY09,1828328071.08
186,PROGRAM-attention,PROJECT-hairpin,SKU-facepieces,BUSAREA-pair,ASSETS,ACCT1713,ENTITY09,-998604890.23
187,PROGRAM-computation,PROJECT-hairpin,SKU-grinders,BUSAREA-fiction,ASSETS,ACCT1713,ENTITY05,29370732.07
188,PROGRAM-hours,PROJECT-bumps,SKU-facepieces,BUSAREA-inventions,ASSETS,ACCT1713,ENTITY11,2973786621.63
189,PROGRAM-stars,PROJECT-yolk,SKU-frequencies,BUSAREA-bolt,ASSETS,ACCT1142,ENTITY11,2136720757.76
190,PROGRAM-computation,PROJECT-hairpin,SKU-accruement,BUSAREA-hierarchy,ASSETS,ACCT1428,ENTITY10,205595124.46
191,PROGRAM-hours,PROJECT-briefing,SKU-frequencies,BUSAREA-oar,ASSETS,ACCT1142,ENTITY04,2180776855.86
192,PROGRAM-computation,PROJECT-hairpin,SKU-accruement,BUSAREA-oar,ASSETS,ACCT1285,ENTITY01,2107350025.7
193,PROGRAM-attention,PROJECT-bumps,SKU-grinders,BUSAREA-inventions,ASSETS,ACCT1713,ENTITY01,1791614656.0
194,PROGRAM-stars,PROJECT-hairpin,SKU-grinders,BUSAREA-directives,ASSETS,ACCT1713,ENTITY04,146853660.33
195,PROGRAM-stars,PROJECT-hairpin,SKU-facepieces,BUSAREA-adjective,ASSETS,ACCT1570,ENTITY06,256993905.57
196,PROGRAM-stars,PROJECT-yolk,SKU-frequencies,BUSAREA-bolt,ASSETS,ACCT1999,ENTITY05,-1446508554.23
197,PROGRAM-hours,PROJECT-yolk,SKU-grinders,BUSAREA-hierarchy,ASSETS,ACCT1285,ENTITY11,-3113297598.94
198,PROGRAM-stars,PROJECT-hairpin,SKU-frequencies,BUSAREA-inventions,ASSETS,ACCT1142,ENTITY03,2393714663.34
199,PROGRAM-computation,PROJECT-yolk,SKU-grinders,BUSAREA-adjective,ASSETS,ACCT1713,ENTITY08,-2959101255.6
200,PROGRAM-attention,PROJECT-yolk,SKU-facepieces,BUSAREA-hierarchy,ASSETS,ACCT1142,ENTITY11,2371686614.29
201,PROGRAM-hours,PROJECT-hairpin,SKU-accruement,BUSAREA-oar,ASSETS,ACCT1285,ENTITY10,-286364637.64
202,PROGRAM-attention,PROJECT-briefing,SKU-frequencies,BUSAREA-owners,ASSETS,ACCT1713,ENTITY08,-2254203686.03
203,PROGRAM-hours,PROJECT-yolk,SKU-accruement,BUSAREA-owners,ASSETS,ACCT1713,ENTITY02,345106101.77
204,PROGRAM-attention,PROJECT-bumps,SKU-accruement,BUSAREA-adjective,ASSETS,ACCT1428,ENTITY07,2848961010.35
205,PROGRAM-hours,PROJECT-briefing,SKU-grinders,BUSAREA-directives,ASSETS,ACCT1428,ENTITY02,-3451061017.7
206,PROGRAM-attention,PROJECT-yolk,SKU-accruement,BUSAREA-oar,ASSETS,ACCT1142,ENTITY05,-2401057346.35
207,PROGRAM-computation,PROJECT-bumps,SKU-facepieces,BUSAREA-inventions,ASSETS,ACCT1856,ENTITY01,2826932961.3
208,PROGRAM-attention,PROJECT-bumps,SKU-facepieces,BUSAREA-pair,ASSETS,ACCT1999,ENTITY08,1505250018.36
209,PROGRAM-stars,PROJECT-hairpin,SKU-accruement,BUSAREA-hierarchy,ASSETS,ACCT1856,ENTITY03,-638813422.42
210,PROGRAM-stars,PROJECT-briefing,SKU-facepieces,BUSAREA-pair,ASSETS,ACCT1570,ENTITY11,-1725530508.85
211,PROGRAM-attention,PROJECT-hairpin,SKU-accruement,BUSAREA-vices,ASSETS,ACCT1142,ENTITY11,1578676848.52
212,PROGRAM-stars,PROJECT-briefing,SKU-frequencies,BUSAREA-owners,ASSETS,ACCT1285,ENTITY01,2423085395.4
213,PROGRAM-stars,PROJECT-bumps,SKU-accruement,BUSAREA-oar,ASSETS,ACCT1570,ENTITY08,-2738820765.11
214,PROGRAM-attention,PROJECT-bumps,SKU-facepieces,BUSAREA-directives,ASSETS,ACCT1285,ENTITY06,4141273221.24
215,PROGRAM-hours,PROJECT-briefing,SKU-grinders,BUSAREA-inventions,ASSETS,ACCT1713,ENTITY10,-1189514648.65
216,PROGRAM-hours,PROJECT-briefing,SKU-facepieces,BUSAREA-directives,ASSETS,ACCT1428,ENTITY03,-2077979293.63
217,PROGRAM-computation,PROJECT-briefing,SKU-accruement,BUSAREA-adjective,ASSETS,ACCT1999,ENTITY09,917835377.05
218,PROGRAM-hours,PROJECT-bumps,SKU-frequencies,BUSAREA-hierarchy,ASSETS,ACCT1285,ENTITY01,-3429032968.65
219,PROGRAM-hours,PROJECT-bumps,SKU-frequencies,BUSAREA-directives,ASSETS,ACCT1999,ENTITY05,-3179381746.09
220,PROGRAM-computation,PROJECT-hairpin,SKU-frequencies,BUSAREA-bolt,ASSETS,ACCT1428,ENTITY03,-2268889052.06
221,PROGRAM-hours,PROJECT-hairpin,SKU-grinders,BUSAREA-vices,ASSETS,ACCT1570,ENTITY07,-2709450033.04
222,PROGRAM-hours,PROJECT-hairpin,SKU-facepieces,BUSAREA-directives,ASSETS,ACCT1856,ENTITY09,-1387767090.09
223,PROGRAM-attention,PROJECT-yolk,SKU-grinders,BUSAREA-directives,ASSETS,ACCT1570,ENTITY11,-1292312210.88
224,PROGRAM-attention,PROJECT-bumps,SKU-facepieces,BUSAREA-pair,ASSETS,ACCT1570,ENTITY03,3216095161.17
225,PROGRAM-attention,PROJECT-bumps,SKU-grinders,BUSAREA-pair,ASSETS,ACCT1142,ENTITY07,-2004552463.47
226,PROGRAM-attention,PROJECT-briefing,SKU-grinders,BUSAREA-pair,ASSETS,ACCT1999,ENTITY06,1541963433.44
227,PROGRAM-stars,PROJECT-bumps,SKU-accruement,BUSAREA-directives,ASSETS,ACCT1999,ENTITY05,-1696159776.78
228,PROGRAM-stars,PROJECT-bumps,SKU-grinders,BUSAREA-pair,ASSETS,ACCT1428,ENTITY07,-1622732946.62
229,PROGRAM-stars,PROJECT-bumps,SKU-grinders,BUSAREA-fiction,ASSETS,ACCT1428,ENTITY03,-2782876863.21
230,PROGRAM-hours,PROJECT-yolk,SKU-facepieces,BUSAREA-adjective,ASSETS,ACCT1428,ENTITY04,-2922387840.52
231,PROGRAM-hours,PROJECT-briefing,SKU-accruement,BUSAREA-adjective,ASSETS,ACCT1142,ENTITY04,-1703502459.8
232,PROGRAM-hours,PROJECT-hairpin,SKU-accruement,BUSAREA-inventions,ASSETS,ACCT1999,ENTITY07,-2408400029.37
233,PROGRAM-computation,PROJECT-bumps,SKU-frequencies,BUSAREA-vices,ASSETS,ACCT1713,ENTITY10,-1329025625.96
234,PROGRAM-computation,PROJECT-hairpin,SKU-accruement,BUSAREA-owners,ASSETS,ACCT1713,ENTITY05,-1284969527.87
235,PROGRAM-computation,PROJECT-yolk,SKU-grinders,BUSAREA-oar,ASSETS,ACCT1285,ENTITY02,2966443938.62
236,PROGRAM-stars,PROJECT-bumps,SKU-facepieces,BUSAREA-fiction,ASSETS,ACCT1428,ENTITY11,-301050003.67
237,PROGRAM-attention,PROJECT-yolk,SKU-accruement,BUSAREA-owners,ASSETS,ACCT1285,ENTITY06,1769586606.95
238,PROGRAM-computation,PROJECT-bumps,SKU-grinders,BUSAREA-fiction,ASSETS,ACCT1570,ENTITY03,513987811.15
239,PROGRAM-attention,PROJECT-bumps,SKU-frequencies,BUSAREA-owners,ASSETS,ACCT1999,ENTITY10,4031132975.99
240,PROGRAM-stars,PROJECT-hairpin,SKU-grinders,BUSAREA-directives,ASSETS,ACCT1856,ENTITY03,2540568323.67
241,PROGRAM-computation,PROJECT-hairpin,SKU-frequencies,BUSAREA-directives,ASSETS,ACCT1285,ENTITY09,2716792716.06
242,PROGRAM-computation,PROJECT-briefing,SKU-frequencies,BUSAREA-oar,ASSETS,ACCT1142,ENTITY10,3340920772.45
243,PROGRAM-attention,PROJECT-yolk,SKU-grinders,BUSAREA-adjective,ASSETS,ACCT1856,ENTITY07,-3135325647.99
244,PROGRAM-attention,PROJECT-bumps,SKU-grinders,BUSAREA-vices,ASSETS,ACCT1713,ENTITY04,1086717086.42
245,PROGRAM-hours,PROJECT-bumps,SKU-accruement,BUSAREA-owners,ASSETS,ACCT1999,ENTITY10,3928335413.76
246,PROGRAM-computation,PROJECT-yolk,SKU-facepieces,BUSAREA-owners,ASSETS,ACCT1285,ENTITY03,2496512225.57
247,PROGRAM-attention,PROJECT-hairpin,SKU-accruement,BUSAREA-inventions,ASSETS,ACCT1428,ENTITY06,-3656656142.15
248,PROGRAM-computation,PROJECT-bumps,SKU-accruement,BUSAREA-fiction,ASSETS,ACCT1142,ENTITY11,1534620750.42
249,PROGRAM-attention,PROJECT-briefing,SKU-frequencies,BUSAREA-owners,ASSETS,ACCT1285,ENTITY07,-1299654893.9
250,PROGRAM-hours,PROJECT-bumps,SKU-accruement,BUSAREA-hierarchy,ASSETS,ACCT1713,ENTITY11,-1218885380.72
251,PROGRAM-hours,PROJECT-hairpin,SKU-facepieces,BUSAREA-pair,ASSETS,ACCT1856,ENTITY09,2070636610.62
252,PROGRAM-attention,PROJECT-briefing,SKU-frequencies,BUSAREA-pair,ASSETS,ACCT1285,ENTITY07,2077979293.63
253,PROGRAM-attention,PROJECT-hairpin,SKU-facepieces,BUSAREA-directives,ASSETS,ACCT1999,ENTITY10,2312945150.16
254,PROGRAM-attention,PROJECT-yolk,SKU-accruement,BUSAREA-hierarchy,ASSETS,ACCT1999,ENTITY05,-925178060.06
255,PROGRAM-stars,PROJECT-yolk,SKU-grinders,BUSAREA-fiction,ASSETS,ACCT1428,ENTITY10,1813642705.04
256,PROGRAM-hours,PROJECT-briefing,SKU-accruement,BUSAREA-vices,ASSETS,ACCT1428,ENTITY08,3502459798.81
257,PROGRAM-hours,PROJECT-briefing,SKU-grinders,BUSAREA-hierarchy,ASSETS,ACCT1428,ENTITY03,1145458550.55
258,PROGRAM-attention,PROJECT-yolk,SKU-grinders,BUSAREA-pair,ASSETS,ACCT1142,ENTITY03,2966443938.62
259,PROGRAM-stars,PROJECT-bumps,SKU-facepieces,BUSAREA-bolt,ASSETS,ACCT1570,ENTITY10,-932520743.08
260,PROGRAM-hours,PROJECT-yolk,SKU-frequencies,BUSAREA-bolt,ASSETS,ACCT1999,ENTITY06,954548792.13
261,PROGRAM-stars,PROJECT-briefing,SKU-accruement,BUSAREA-bolt,ASSETS,ACCT1570,ENTITY08,-1336368308.98
262,PROGRAM-stars,PROJECT-yolk,SKU-grinders,BUSAREA-vices,ASSETS,ACCT1570,ENTITY07,-2981129304.65
263,PROGRAM-attention,PROJECT-hairpin,SKU-facepieces,BUSAREA-pair,ASSETS,ACCT1713,ENTITY10,-1446508554.23
264,PROGRAM-hours,PROJECT-briefing,SKU-accruement,BUSAREA-bolt,ASSETS,ACCT1142,ENTITY02,3928335413.76
265,PROGRAM-attention,PROJECT-hairpin,SKU-frequencies,BUSAREA-vices,ASSETS,ACCT1999,ENTITY10,396504882.88
266,PROGRAM-computation,PROJECT-hairpin,SKU-facepieces,BUSAREA-hierarchy,ASSETS,ACCT1428,ENTITY02,-2782876863.21
267,PROGRAM-stars,PROJECT-yolk,SKU-grinders,BUSAREA-inventions,ASSETS,ACCT1142,ENTITY09,2900359791.47
268,PROGRAM-computation,PROJECT-hairpin,SKU-grinders,BUSAREA-owners,ASSETS,ACCT1713,ENTITY09,653498788.46
269,PROGRAM-stars,PROJECT-bumps,SKU-frequencies,BUSAREA-bolt,ASSETS,ACCT1142,ENTITY04,-433218297.97
270,PROGRAM-stars,PROJECT-briefing,SKU-frequencies,BUSAREA-inventions,ASSETS,ACCT1856,ENTITY06,154196343.34
271,PROGRAM-computation,PROJECT-bumps,SKU-grinders,BUSAREA-owners,ASSETS,ACCT1142,ENTITY01,1806300022.03
272,PROGRAM-stars,PROJECT-bumps,SKU-accruement,BUSAREA-owners,ASSETS,ACCT1999,ENTITY08,-2503854908.58
273,PROGRAM-hours,PROJECT-briefing,SKU-accruement,BUSAREA-vices,ASSETS,ACCT1570,ENTITY05,4001762243.92
274,PROGRAM-hours,PROJECT-briefing,SKU-frequencies,BUSAREA-hierarchy,ASSETS,ACCT1999,ENTITY06,1395109773.11
275,PROGRAM-stars,PROJECT-briefing,SKU-facepieces,BUSAREA-fiction,ASSETS,ACCT1713,ENTITY03,1997209780.45
276,PROGRAM-stars,PROJECT-hairpin,SKU-accruement,BUSAREA-oar,ASSETS,ACCT1856,ENTITY02,1975181731.4
277,PROGRAM-computation,PROJECT-bumps,SKU-accruement,BUSAREA-pair,ASSETS,ACCT1570,ENTITY03,-2474484176.52
278,PROGRAM-stars,PROJECT-briefing,SKU-facepieces,BUSAREA-directives,ASSETS,ACCT1570,ENTITY08,-2334973199.21
279,PROGRAM-stars,PROJECT-hairpin,SKU-accruement,BUSAREA-vices,ASSETS,ACCT1856,ENTITY10,227623173.51
280,PROGRAM-computation,PROJECT-bumps,SKU-grinders,BUSAREA-directives,ASSETS,ACCT1856,ENTITY11,3737425655.33
281,PROGRAM-hours,PROJECT-hairpin,SKU-facepieces,BUSAREA-pair,ASSETS,ACCT1999,ENTITY08,-756296350.69
282,PROGRAM-attention,PROJECT-yolk,SKU-facepieces,BUSAREA-bolt,ASSETS,ACCT1570,ENTITY04,565386592.26
283,PROGRAM-hours,PROJECT-bumps,SKU-facepieces,BUSAREA-owners,ASSETS,ACCT1570,ENTITY11,0.0
284,PROGRAM-hours,PROJECT-briefing,SKU-frequencies,BUSAREA-adjective,ASSETS,ACCT1999,ENTITY03,1710845142.82
285,PROGRAM-attention,PROJECT-bumps,SKU-grinders,BUSAREA-inventions,ASSETS,ACCT1142,ENTITY04,110140245.25
286,PROGRAM-stars,PROJECT-bumps,SKU-accruement,BUSAREA-adjective,ASSETS,ACCT1856,ENTITY09,345106101.77
287,PROGRAM-computation,PROJECT-hairpin,SKU-grinders,BUSAREA-hierarchy,ASSETS,ACCT1428,ENTITY09,-1806300022.03
288,PROGRAM-hours,PROJECT-bumps,SKU-facepieces,BUSAREA-adjective,ASSETS,ACCT1428,ENTITY05,2702107350.03
289,PROGRAM-stars,PROJECT-yolk,SKU-accruement,BUSAREA-directives,ASSETS,ACCT1999,ENTITY06,3495117115.79
290,PROGRAM-attention,PROJECT-briefing,SKU-frequencies,BUSAREA-owners,ASSETS,ACCT1856,ENTITY09,-1865041486.16
291,PROGRAM-computation,PROJECT-briefing,SKU-frequencies,BUSAREA-hierarchy,ASSETS,ACCT1285,ENTITY04,-447903664.0
292,PROGRAM-hours,PROJECT-yolk,SKU-grinders,BUSAREA-oar,ASSETS,ACCT1142,ENTITY07,837065863.87
293,PROGRAM-attention,PROJECT-briefing,SKU-accruement,BUSAREA-fiction,ASSETS,ACCT1856,ENTITY09,594757324.33
294,PROGRAM-attention,PROJECT-hairpin,SKU-facepieces,BUSAREA-bolt,ASSETS,ACCT1713,ENTITY07,4390924443.79
295,PROGRAM-stars,PROJECT-hairpin,SKU-facepieces,BUSAREA-vices,ASSETS,ACCT1142,ENTITY03,3715397606.29
296,PROGRAM-stars,PROJECT-bumps,SKU-frequencies,BUSAREA-adjective,ASSETS,ACCT1713,ENTITY05,587414641.31
297,PROGRAM-attention,PROJECT-bumps,SKU-frequencies,BUSAREA-hierarchy,ASSETS,ACCT1856,ENTITY03,2621337836.85
298,PROGRAM-computation,PROJECT-briefing,SKU-facepieces,BUSAREA-vices,ASSETS,ACCT1856,ENTITY10,1894412218.22
299,PROGRAM-stars,PROJECT-briefing,SKU-facepieces,BUSAREA-owners,ASSETS,ACCT1570,ENTITY10,-3524487847.86
300,PROGRAM-computation,PROJECT-yolk,SKU-frequencies,BUSAREA-fiction,ASSETS,ACCT1142,ENTITY10,1989867097.44
301,PROGRAM-hours,PROJECT-yolk,SKU-grinders,BUSAREA-hierarchy,ASSETS,ACCT1428,ENTITY01,-1549306116.45
302,PROGRAM-attention,PROJECT-hairpin,SKU-grinders,BUSAREA-bolt,ASSETS,ACCT1570,ENTITY06,-2077979293.63
303,PROGRAM-computation,PROJECT-hairpin,SKU-accruement,BUSAREA-vices,ASSETS,ACCT1856,ENTITY02,1395109773.11
304,PROGRAM-hours,PROJECT-briefing,SKU-facepieces,BUSAREA-adjective,ASSETS,ACCT1428,ENTITY06,1622732946.62
305,PROGRAM-hours,PROJECT-bumps,SKU-accruement,BUSAREA-oar,ASSETS,ACCT1142,ENTITY04,-1541963433.44
306,PROGRAM-stars,PROJECT-briefing,SKU-frequencies,BUSAREA-owners,ASSETS,ACCT1570,ENTITY04,-3480431749.76
307,PROGRAM-stars,PROJECT-briefing,SKU-frequencies,BUSAREA-directives,ASSETS,ACCT1856,ENTITY01,-2834275644.32
308,PROGRAM-stars,PROJECT-hairpin,SKU-frequencies,BUSAREA-inventions,ASSETS,ACCT1570,ENTITY05,543358543.21
309,PROGRAM-hours,PROJECT-bumps,SKU-facepieces,BUSAREA-fiction,ASSETS,ACCT1428,ENTITY06,2224832953.96
310,PROGRAM-attention,PROJECT-yolk,SKU-accruement,BUSAREA-directives,ASSETS,ACCT1999,ENTITY01,-396504882.88
311,PROGRAM-stars,PROJECT-briefing,SKU-grinders,BUSAREA-vices,ASSETS,ACCT1713,ENTITY02,227623173.51
312,PROGRAM-computation,PROJECT-briefing,SKU-grinders,BUSAREA-directives,ASSETS,ACCT1856,ENTITY10,-837065863.87
313,PROGRAM-stars,PROJECT-yolk,SKU-grinders,BUSAREA-adjective,ASSETS,ACCT1428,ENTITY07,-2870989059.4
314,PROGRAM-stars,PROJECT-hairpin,SKU-frequencies,BUSAREA-vices,ASSETS,ACCT1999,ENTITY10,183567075.41
315,PROGRAM-hours,PROJECT-hairpin,SKU-grinders,BUSAREA-adjective,ASSETS,ACCT1856,ENTITY05,-829723180.85
316,PROGRAM-stars,PROJECT-bumps,SKU-accruement,BUSAREA-fiction,ASSETS,ACCT1285,ENTITY08,2489169542.55
317,PROGRAM-hours,PROJECT-yolk,SKU-frequencies,BUSAREA-inventions,ASSETS,ACCT1999,ENTITY02,-3443718334.68
318,PROGRAM-stars,PROJECT-hairpin,SKU-grinders,BUSAREA-directives,ASSETS,ACCT1285,ENTITY11,2731478082.09
319,PROGRAM-attention,PROJECT-bumps,SKU-accruement,BUSAREA-pair,ASSETS,ACCT1570,ENTITY07,-3671341508.19
320,PROGRAM-hours,PROJECT-hairpin,SKU-accruement,BUSAREA-pair,ASSETS,ACCT1570,ENTITY09,-2217490270.95
321,PROGRAM-stars,PROJECT-bumps,SKU-frequencies,BUSAREA-directives,ASSETS,ACCT1856,ENTITY04,2591967104.78
322,PROGRAM-hours,PROJECT-yolk,SKU-grinders,BUSAREA-bolt,ASSETS,ACCT1428,ENTITY01,668184154.49
323,PROGRAM-computation,PROJECT-hairpin,SKU-frequencies,BUSAREA-pair,ASSETS,ACCT1713,ENTITY08,1571334165.5
324,PROGRAM-hours,PROJECT-briefing,SKU-facepieces,BUSAREA-adjective,ASSETS,ACCT1713,ENTITY07,1931125633.31
325,PROGRAM-stars,PROJECT-briefing,SKU-facepieces,BUSAREA-adjective,ASSETS,ACCT1856,ENTITY03,1270284161.83
326,PROGRAM-computation,PROJECT-briefing,SKU-frequencies,BUSAREA-adjective,ASSETS,ACCT1285,ENTITY07,-1975181731.4
327,PROGRAM-attention,PROJECT-bumps,SKU-accruement,BUSAREA-hierarchy,ASSETS,ACCT1428,ENTITY02,374476833.84
328,PROGRAM-hours,PROJECT-yolk,SKU-accruement,BUSAREA-fiction,ASSETS,ACCT1713,ENTITY04,-837065863.87
329,PROGRAM-hours,PROJECT-briefing,SKU-accruement,BUSAREA-owners,ASSETS,ACCT1142,ENTITY08,-1593362214.55
330,PROGRAM-attention,PROJECT-hairpin,SKU-frequencies,BUSAREA-vices,ASSETS,ACCT1285,ENTITY11,3700712240.25
331,PROGRAM-stars,PROJECT-hairpin,SKU-facepieces,BUSAREA-hierarchy,ASSETS,ACCT1856,ENTITY05,-7342683.02
332,PROGRAM-hours,PROJECT-hairpin,SKU-frequencies,BUSAREA-owners,ASSETS,ACCT1142,ENTITY03,2474484176.52
333,PROGRAM-hours,PROJECT-yolk,SKU-accruement,BUSAREA-directives,ASSETS,ACCT1428,ENTITY10,3752111021.37
334,PROGRAM-stars,PROJECT-briefing,SKU-frequencies,BUSAREA-adjective,ASSETS,ACCT1142,ENTITY06,374476833.84
335,PROGRAM-hours,PROJECT-briefing,SKU-frequencies,BUSAREA-fiction,ASSETS,ACCT1142,ENTITY08,-3135325647.99
336,PROGRAM-attention,PROJECT-bumps,SKU-grinders,BUSAREA-adjective,ASSETS,ACCT1999,ENTITY06,2393714663.34
337,PROGRAM-computation,PROJECT-bumps,SKU-facepieces,BUSAREA-owners,ASSETS,ACCT1285,ENTITY04,-1497907335.34
338,PROGRAM-attention,PROJECT-briefing,SKU-grinders,BUSAREA-oar,ASSETS,ACCT1285,ENTITY03,2893017108.45
339,PROGRAM-hours,PROJECT-briefing,SKU-accruement,BUSAREA-bolt,ASSETS,ACCT1856,ENTITY06,-932520743.08
340,PROGRAM-hours,PROJECT-briefing,SKU-grinders,BUSAREA-bolt,ASSETS,ACCT1428,ENTITY10,469931713.05
341,PROGRAM-hours,PROJECT-briefing,SKU-grinders,BUSAREA-owners,ASSETS,ACCT1285,ENTITY01,1703502459.8
342,PROGRAM-stars,PROJECT-hairpin,SKU-facepieces,BUSAREA-adjective,ASSETS,ACCT1999,ENTITY07,4376239077.76
343,PROGRAM-computation,PROJECT-yolk,SKU-accruement,BUSAREA-bolt,ASSETS,ACCT1570,ENTITY09,2334973199.21
344,PROGRAM-computation,PROJECT-hairpin,SKU-accruement,BUSAREA-adjective,ASSETS,ACCT1142,ENTITY02,1395109773.11
345,PROGRAM-hours,PROJECT-bumps,SKU-accruement,BUSAREA-inventions,ASSETS,ACCT1142,ENTITY04,-2547911006.68
346,PROGRAM-attention,PROJECT-yolk,SKU-accruement,BUSAREA-adjective,ASSETS,ACCT1428,ENTITY11,1094059769.44
347,PROGRAM-stars,PROJECT-bumps,SKU-facepieces,BUSAREA-inventions,ASSETS,ACCT1999,ENTITY05,227623173.51
348,PROGRAM-attention,PROJECT-yolk,SKU-frequencies,BUSAREA-oar,ASSETS,ACCT1999,ENTITY04,4045818342.02
349,PROGRAM-hours,PROJECT-yolk,SKU-frequencies,BUSAREA-directives,ASSETS,ACCT1285,ENTITY03,-3150011014.02
350,PROGRAM-computation,PROJECT-briefing,SKU-grinders,BUSAREA-vices,ASSETS,ACCT1999,ENTITY09,2540568323.67
351,PROGRAM-computation,PROJECT-bumps,SKU-frequencies,BUSAREA-oar,ASSETS,ACCT1285,ENTITY09,2290917101.11
352,PROGRAM-computation,PROJECT-briefing,SKU-facepieces,BUSAREA-owners,ASSETS,ACCT1713,ENTITY07,1644760995.67
353,PROGRAM-hours,PROJECT-briefing,SKU-grinders,BUSAREA-pair,ASSETS,ACCT1713,ENTITY09,1556648799.47
354,PROGRAM-computation,PROJECT-bumps,SKU-facepieces,BUSAREA-adjective,ASSETS,ACCT1428,ENTITY07,1402452456.13
355,PROGRAM-hours,PROJECT-bumps,SKU-facepieces,BUSAREA-hierarchy,ASSETS,ACCT1428,ENTITY02,-866436595.93
356,PROGRAM-stars,PROJECT-yolk,SKU-frequencies,BUSAREA-adjective,ASSETS,ACCT1285,ENTITY01,88112196.2
357,PROGRAM-stars,PROJECT-yolk,SKU-grinders,BUSAREA-inventions,ASSETS,ACCT1428,ENTITY01,2063293927.6
358,PROGRAM-computation,PROJECT-bumps,SKU-accruement,BUSAREA-owners,ASSETS,ACCT1713,ENTITY04,1402452456.13
359,PROGRAM-stars,PROJECT-hairpin,SKU-accruement,BUSAREA-fiction,ASSETS,ACCT1999,ENTITY09,-477274396.06
360,PROGRAM-computation,PROJECT-briefing,SKU-accruement,BUSAREA-oar,ASSETS,ACCT1856,ENTITY06,7342683.02
361,PROGRAM-computation,PROJECT-bumps,SKU-facepieces,BUSAREA-hierarchy,ASSETS,ACCT1713,ENTITY03,3061898817.83
362,PROGRAM-stars,PROJECT-briefing,SKU-grinders,BUSAREA-adjective,ASSETS,ACCT1713,ENTITY02,-895807328.0
363,PROGRAM-computation,PROJECT-bumps,SKU-accruement,BUSAREA-oar,ASSETS,ACCT1856,ENTITY08,-536015860.2
364,PROGRAM-attention,PROJECT-briefing,SKU-grinders,BUSAREA-inventions,ASSETS,ACCT1713,ENTITY07,3671341508.19
365,PROGRAM-hours,PROJECT-briefing,SKU-accruement,BUSAREA-inventions,ASSETS,ACCT1999,ENTITY06,-2599309787.8
366,PROGRAM-attention,PROJECT-briefing,SKU-facepieces,BUSAREA-adjective,ASSETS,ACCT1285,ENTITY05,675526837.51
367,PROGRAM-stars,PROJECT-briefing,SKU-frequencies,BUSAREA-bolt,ASSETS,ACCT1142,ENTITY04,2070636610.62
368,PROGRAM-stars,PROJECT-briefing,SKU-accruement,BUSAREA-pair,ASSETS,ACCT1713,ENTITY01,2298259784.13
369,PROGRAM-attention,PROJECT-bumps,SKU-accruement,BUSAREA-owners,ASSETS,ACCT1285,ENTITY03,-1901754901.24
370,PROGRAM-stars,PROJECT-briefing,SKU-facepieces,BUSAREA-owners,ASSETS,ACCT1428,ENTITY04,3370291504.52
371,PROGRAM-stars,PROJECT-briefing,SKU-grinders,BUSAREA-directives,ASSETS,ACCT1570,ENTITY07,279021954.62
372,PROGRAM-attention,PROJECT-bumps,SKU-frequencies,BUSAREA-owners,ASSETS,ACCT1428,ENTITY05,440560980.98
373,PROGRAM-computation,PROJECT-yolk,SKU-frequencies,BUSAREA-vices,ASSETS,ACCT1428,ENTITY07,2158748806.81
374,PROGRAM-stars,PROJECT-briefing,SKU-frequencies,BUSAREA-directives,ASSETS,ACCT1999,ENTITY02,-991262207.21
375,PROGRAM-stars,PROJECT-bumps,SKU-frequencies,BUSAREA-directives,ASSETS,ACCT1428,ENTITY06,2826932961.3
376,PROGRAM-attention,PROJECT-briefing,SKU-frequencies,BUSAREA-bolt,ASSETS,ACCT1570,ENTITY01,-837065863.87
377,PROGRAM-hours,PROJECT-hairpin,SKU-facepieces,BUSAREA-hierarchy,ASSETS,ACCT1428,ENTITY09,-1226228063.73
378,PROGRAM-hours,PROJECT-bumps,SKU-grinders,BUSAREA-owners,ASSETS,ACCT1856,ENTITY01,609442690.36
379,PROGRAM-attention,PROJECT-hairpin,SKU-facepieces,BUSAREA-bolt,ASSETS,ACCT1570,ENTITY11,433218297.97
380,PROGRAM-stars,PROJECT-briefing,SKU-accruement,BUSAREA-bolt,ASSETS,ACCT1856,ENTITY11,-1152801233.57
381,PROGRAM-attention,PROJECT-yolk,SKU-facepieces,BUSAREA-owners,ASSETS,ACCT1999,ENTITY03,4376239077.76
382,PROGRAM-attention,PROJECT-yolk,SKU-accruement,BUSAREA-directives,ASSETS,ACCT1713,ENTITY05,-1387767090.09
383,PROGRAM-hours,PROJECT-bumps,SKU-grinders,BUSAREA-adjective,ASSETS,ACCT1570,ENTITY03,734268301.64
0,PROGRAM-attention,PROJECT-bumps,SKU-frequencies,BUSAREA-inventions,LIABILITIES,ACCT2166,ENTITY11,1254938415.06
1,PROGRAM-stars,PROJECT-yolk,SKU-frequencies,BUSAREA-hierarchy,LIABILITIES,ACCT2666,ENTITY08,-2730653032.77
2,PROGRAM-attention,PROJECT-yolk,SKU-frequencies,BUSAREA-bolt,LIABILITIES,ACCT2832,ENTITY03,-2399488728.79
3,PROGRAM-attention,PROJECT-bumps,SKU-frequencies,BUSAREA-inventions,LIABILITIES,ACCT2999,ENTITY09,-1731350220.78
4,PROGRAM-hours,PROJECT-briefing,SKU-frequencies,BUSAREA-fiction,LIABILITIES,ACCT2333,ENTITY08,2161282825.94
5,PROGRAM-computation,PROJECT-yolk,SKU-grinders,BUSAREA-vices,LIABILITIES,ACCT2999,ENTITY02,2689983732.28
6,PROGRAM-computation,PROJECT-yolk,SKU-facepieces,BUSAREA-bolt,LIABILITIES,ACCT2666,ENTITY05,-3079247036.95
7,PROGRAM-attention,PROJECT-bumps,SKU-frequencies,BUSAREA-fiction,LIABILITIES,ACCT2666,ENTITY02,-1127120613.53
8,PROGRAM-stars,PROJECT-bumps,SKU-facepieces,BUSAREA-adjective,LIABILITIES,ACCT2166,ENTITY02,-883104810.6
9,PROGRAM-hours,PROJECT-briefing,SKU-accruement,BUSAREA-adjective,LIABILITIES,ACCT2499,ENTITY08,-1435045317.22
10,PROGRAM-computation,PROJECT-bumps,SKU-frequencies,BUSAREA-vices,LIABILITIES,ACCT2999,ENTITY08,2329769927.96
11,PROGRAM-attention,PROJECT-briefing,SKU-accruement,BUSAREA-adjective,LIABILITIES,ACCT2499,ENTITY06,220776202.65
12,PROGRAM-computation,PROJECT-bumps,SKU-accruement,BUSAREA-inventions,LIABILITIES,ACCT2666,ENTITY08,2509876830.12
13,PROGRAM-hours,PROJECT-hairpin,SKU-frequencies,BUSAREA-vices,LIABILITIES,ACCT2499,ENTITY05,-2329769927.96
14,PROGRAM-attention,PROJECT-hairpin,SKU-accruement,BUSAREA-fiction,LIABILITIES,ACCT2333,ENTITY02,-2428538229.14
15,PROGRAM-hours,PROJECT-yolk,SKU-frequencies,BUSAREA-owners,LIABILITIES,ACCT2999,ENTITY05,2753892633.05
16,PROGRAM-stars,PROJECT-bumps,SKU-accruement,BUSAREA-adjective,LIABILITIES,ACCT2832,ENTITY04,-3398791540.79
17,PROGRAM-hours,PROJECT-bumps,SKU-grinders,BUSAREA-bolt,LIABILITIES,ACCT2499,ENTITY07,-2045084824.54
18,PROGRAM-computation,PROJECT-briefing,SKU-grinders,BUSAREA-owners,LIABILITIES,ACCT2166,ENTITY11,-2184522426.21
19,PROGRAM-attention,PROJECT-yolk,SKU-accruement,BUSAREA-owners,LIABILITIES,ACCT2333,ENTITY05,877294910.53
20,PROGRAM-hours,PROJECT-bumps,SKU-grinders,BUSAREA-bolt,LIABILITIES,ACCT2832,ENTITY08,-610039507.32
21,PROGRAM-computation,PROJECT-bumps,SKU-facepieces,BUSAREA-pair,LIABILITIES,ACCT2999,ENTITY06,87148501.05
22,PROGRAM-attention,PROJECT-yolk,SKU-grinders,BUSAREA-owners,LIABILITIES,ACCT2333,ENTITY04,-2463397629.56
23,PROGRAM-attention,PROJECT-bumps,SKU-grinders,BUSAREA-bolt,LIABILITIES,ACCT2166,ENTITY04,2294910527.54
24,PROGRAM-attention,PROJECT-yolk,SKU-accruement,BUSAREA-oar,LIABILITIES,ACCT2999,ENTITY02,-2207762026.49
25,PROGRAM-hours,PROJECT-yolk,SKU-grinders,BUSAREA-owners,LIABILITIES,ACCT2333,ENTITY05,-1138740413.66
26,PROGRAM-attention,PROJECT-yolk,SKU-frequencies,BUSAREA-hierarchy,LIABILITIES,ACCT2832,ENTITY01,1220079014.64
27,PROGRAM-computation,PROJECT-briefing,SKU-facepieces,BUSAREA-inventions,LIABILITIES,ACCT2666,ENTITY10,383453404.6
28,PROGRAM-attention,PROJECT-yolk,SKU-frequencies,BUSAREA-pair,LIABILITIES,ACCT2999,ENTITY10,-3387171740.65
29,PROGRAM-hours,PROJECT-hairpin,SKU-frequencies,BUSAREA-fiction,LIABILITIES,ACCT2832,ENTITY09,-3061817336.74
30,PROGRAM-stars,PROJECT-hairpin,SKU-accruement,BUSAREA-adjective,LIABILITIES,ACCT2166,ENTITY11,-639089007.67
31,PROGRAM-hours,PROJECT-yolk,SKU-accruement,BUSAREA-oar,LIABILITIES,ACCT2999,ENTITY03,-2753892633.05
32,PROGRAM-attention,PROJECT-yolk,SKU-grinders,BUSAREA-fiction,LIABILITIES,ACCT2999,ENTITY08,-2416918429.0
33,PROGRAM-computation,PROJECT-bumps,SKU-facepieces,BUSAREA-bolt,LIABILITIES,ACCT2999,ENTITY07,2265861027.19
34,PROGRAM-hours,PROJECT-yolk,SKU-accruement,BUSAREA-bolt,LIABILITIES,ACCT2333,ENTITY09,-3050197536.6
35,PROGRAM-hours,PROJECT-yolk,SKU-accruement,BUSAREA-adjective,LIABILITIES,ACCT2333,ENTITY02,-331164303.97
36,PROGRAM-computation,PROJECT-bumps,SKU-frequencies,BUSAREA-hierarchy,LIABILITIES,ACCT2999,ENTITY06,-458982105.51
37,PROGRAM-attention,PROJECT-briefing,SKU-grinders,BUSAREA-oar,LIABILITIES,ACCT2166,ENTITY01,2684173832.21
38,PROGRAM-hours,PROJECT-briefing,SKU-grinders,BUSAREA-owners,LIABILITIES,ACCT2166,ENTITY02,575180106.9
39,PROGRAM-attention,PROJECT-hairpin,SKU-accruement,BUSAREA-directives,LIABILITIES,ACCT2666,ENTITY10,2841041134.09
40,PROGRAM-stars,PROJECT-briefing,SKU-facepieces,BUSAREA-owners,LIABILITIES,ACCT2999,ENTITY09,679758308.16
41,PROGRAM-attention,PROJECT-briefing,SKU-grinders,BUSAREA-inventions,LIABILITIES,ACCT2666,ENTITY09,-766906809.2
42,PROGRAM-stars,PROJECT-briefing,SKU-accruement,BUSAREA-adjective,LIABILITIES,ACCT2333,ENTITY09,1760399721.12
43,PROGRAM-attention,PROJECT-hairpin,SKU-frequencies,BUSAREA-fiction,LIABILITIES,ACCT2166,ENTITY09,-2167092726.01
44,PROGRAM-hours,PROJECT-yolk,SKU-accruement,BUSAREA-owners,LIABILITIES,ACCT2333,ENTITY02,-1841738322.1
45,PROGRAM-hours,PROJECT-bumps,SKU-facepieces,BUSAREA-inventions,LIABILITIES,ACCT2832,ENTITY03,-191726702.3
46,PROGRAM-attention,PROJECT-bumps,SKU-grinders,BUSAREA-owners,LIABILITIES,ACCT2333,ENTITY02,-226586102.72
47,PROGRAM-hours,PROJECT-bumps,SKU-facepieces,BUSAREA-vices,LIABILITIES,ACCT2333,ENTITY11,290495003.49
48,PROGRAM-computation,PROJECT-yolk,SKU-accruement,BUSAREA-inventions,LIABILITIES,ACCT2999,ENTITY08,-1045782012.55
49,PROGRAM-attention,PROJECT-yolk,SKU-frequencies,BUSAREA-adjective,LIABILITIES,ACCT2499,ENTITY04,1295607715.55
50,PROGRAM-stars,PROJECT-briefing,SKU-frequencies,BUSAREA-fiction,LIABILITIES,ACCT2166,ENTITY01,2666744132.0
51,PROGRAM-computation,PROJECT-briefing,SKU-frequencies,BUSAREA-pair,LIABILITIES,ACCT2499,ENTITY10,-1847548222.17
52,PROGRAM-stars,PROJECT-hairpin,SKU-frequencies,BUSAREA-pair,LIABILITIES,ACCT2333,ENTITY11,284685103.42
53,PROGRAM-stars,PROJECT-hairpin,SKU-facepieces,BUSAREA-hierarchy,LIABILITIES,ACCT2333,ENTITY07,-1196839414.36
54,PROGRAM-hours,PROJECT-yolk,SKU-accruement,BUSAREA-adjective,LIABILITIES,ACCT2333,ENTITY07,-5809900.07
55,PROGRAM-attention,PROJECT-briefing,SKU-accruement,BUSAREA-oar,LIABILITIES,ACCT2333,ENTITY10,-1986985823.84
56,PROGRAM-computation,PROJECT-bumps,SKU-grinders,BUSAREA-inventions,LIABILITIES,ACCT2666,ENTITY02,-1405995816.87
57,PROGRAM-stars,PROJECT-bumps,SKU-frequencies,BUSAREA-inventions,LIABILITIES,ACCT2832,ENTITY02,-69718800.84
58,PROGRAM-attention,PROJECT-briefing,SKU-frequencies,BUSAREA-fiction,LIABILITIES,ACCT2333,ENTITY04,1650011619.8
59,PROGRAM-stars,PROJECT-bumps,SKU-facepieces,BUSAREA-adjective,LIABILITIES,ACCT2832,ENTITY05,342784104.11
60,PROGRAM-attention,PROJECT-briefing,SKU-accruement,BUSAREA-fiction,LIABILITIES,ACCT2666,ENTITY06,1772019521.26
61,PROGRAM-stars,PROJECT-yolk,SKU-facepieces,BUSAREA-pair,LIABILITIES,ACCT2166,ENTITY06,-2405298628.86
62,PROGRAM-attention,PROJECT-yolk,SKU-accruement,BUSAREA-vices,LIABILITIES,ACCT2832,ENTITY02,-2248431326.98
63,PROGRAM-computation,PROJECT-briefing,SKU-facepieces,BUSAREA-fiction,LIABILITIES,ACCT2499,ENTITY09,2811991633.74
64,PROGRAM-stars,PROJECT-briefing,SKU-facepieces,BUSAREA-bolt,LIABILITIES,ACCT2166,ENTITY09,-1109690913.32
65,PROGRAM-attention,PROJECT-hairpin,SKU-frequencies,BUSAREA-vices,LIABILITIES,ACCT2666,ENTITY08,1034162212.41
66,PROGRAM-stars,PROJECT-briefing,SKU-grinders,BUSAREA-inventions,LIABILITIES,ACCT2666,ENTITY07,2387868928.65
67,PROGRAM-attention,PROJECT-yolk,SKU-accruement,BUSAREA-pair,LIABILITIES,ACCT2832,ENTITY01,-2649314431.79
68,PROGRAM-attention,PROJECT-yolk,SKU-facepieces,BUSAREA-adjective,LIABILITIES,ACCT2999,ENTITY05,2777132233.33
69,PROGRAM-computation,PROJECT-bumps,SKU-accruement,BUSAREA-vices,LIABILITIES,ACCT2832,ENTITY04,-1411805716.94
70,PROGRAM-attention,PROJECT-yolk,SKU-frequencies,BUSAREA-vices,LIABILITIES,ACCT2333,ENTITY07,1684871020.22
71,PROGRAM-attention,PROJECT-hairpin,SKU-frequencies,BUSAREA-vices,LIABILITIES,ACCT2499,ENTITY06,1278178015.34
72,PROGRAM-stars,PROJECT-hairpin,SKU-facepieces,BUSAREA-bolt,LIABILITIES,ACCT2333,ENTITY09,2114803625.38
73,PROGRAM-computation,PROJECT-briefing,SKU-grinders,BUSAREA-oar,LIABILITIES,ACCT2666,ENTITY02,1185219614.22
74,PROGRAM-stars,PROJECT-hairpin,SKU-frequencies,BUSAREA-vices,LIABILITIES,ACCT2499,ENTITY10,2201952126.42
75,PROGRAM-computation,PROJECT-bumps,SKU-facepieces,BUSAREA-bolt,LIABILITIES,ACCT2333,ENTITY04,-1591912619.1
76,PROGRAM-attention,PROJECT-bumps,SKU-facepieces,BUSAREA-directives,LIABILITIES,ACCT2333,ENTITY04,-2242621426.91
77,PROGRAM-hours,PROJECT-hairpin,SKU-facepieces,BUSAREA-pair,LIABILITIES,ACCT2666,ENTITY11,-1127120613.53
78,PROGRAM-hours,PROJECT-hairpin,SKU-accruement,BUSAREA-pair,LIABILITIES,ACCT2999,ENTITY08,1034162212.41
79,PROGRAM-attention,PROJECT-hairpin,SKU-facepieces,BUSAREA-inventions,LIABILITIES,ACCT2166,ENTITY05,-2957239135.49
80,PROGRAM-computation,PROJECT-yolk,SKU-accruement,BUSAREA-directives,LIABILITIES,ACCT2999,ENTITY08,-1092261213.11
81,PROGRAM-stars,PROJECT-bumps,SKU-accruement,BUSAREA-pair,LIABILITIES,ACCT2166,ENTITY10,1307227515.69
82,PROGRAM-stars,PROJECT-yolk,SKU-facepieces,BUSAREA-owners,LIABILITIES,ACCT2333,ENTITY06,528700906.34
83,PROGRAM-hours,PROJECT-yolk,SKU-grinders,BUSAREA-vices,LIABILITIES,ACCT2499,ENTITY07,-2103183825.24
84,PROGRAM-stars,PROJECT-yolk,SKU-frequencies,BUSAREA-hierarchy,LIABILITIES,ACCT2499,ENTITY07,-2120613525.45
85,PROGRAM-hours,PROJECT-bumps,SKU-frequencies,BUSAREA-directives,LIABILITIES,ACCT2666,ENTITY04,5809900.07
86,PROGRAM-hours,PROJECT-bumps,SKU-grinders,BUSAREA-pair,LIABILITIES,ACCT2832,ENTITY06,987683011.85
87,PROGRAM-attention,PROJECT-yolk,SKU-accruement,BUSAREA-inventions,LIABILITIES,ACCT2166,ENTITY08,-1847548222.17
88,PROGRAM-hours,PROJECT-bumps,SKU-facepieces,BUSAREA-inventions,LIABILITIES,ACCT2333,ENTITY06,191726702.3
89,PROGRAM-attention,PROJECT-briefing,SKU-accruement,BUSAREA-fiction,LIABILITIES,ACCT2333,ENTITY09,-1655821519.87
90,PROGRAM-computation,PROJECT-bumps,SKU-facepieces,BUSAREA-hierarchy,LIABILITIES,ACCT2832,ENTITY05,-697188008.37
91,PROGRAM-computation,PROJECT-bumps,SKU-grinders,BUSAREA-pair,LIABILITIES,ACCT2832,ENTITY08,-1371136416.45
92,PROGRAM-stars,PROJECT-briefing,SKU-accruement,BUSAREA-pair,LIABILITIES,ACCT2666,ENTITY07,2184522426.21
93,PROGRAM-attention,PROJECT-yolk,SKU-grinders,BUSAREA-owners,LIABILITIES,ACCT2666,ENTITY08,-2602835231.23
94,PROGRAM-stars,PROJECT-yolk,SKU-accruement,BUSAREA-pair,LIABILITIES,ACCT2832,ENTITY01,-2748082732.98
95,PROGRAM-attention,PROJECT-briefing,SKU-frequencies,BUSAREA-directives,LIABILITIES,ACCT2832,ENTITY05,-2614455031.37
96,PROGRAM-attention,PROJECT-yolk,SKU-accruement,BUSAREA-hierarchy,LIABILITIES,ACCT2832,ENTITY10,2445967929.35
97,PROGRAM-hours,PROJECT-bumps,SKU-accruement,BUSAREA-vices,LIABILITIES,ACCT2333,ENTITY03,917964211.02
98,PROGRAM-attention,PROJECT-yolk,SKU-facepieces,BUSAREA-inventions,LIABILITIES,ACCT2499,ENTITY02,-0.0
99,PROGRAM-computation,PROJECT-hairpin,SKU-frequencies,BUSAREA-hierarchy,LIABILITIES,ACCT2166,ENTITY06,-2027655124.33
100,PROGRAM-stars,PROJECT-yolk,SKU-facepieces,BUSAREA-directives,LIABILITIES,ACCT2999,ENTITY06,2196142226.35
101,PROGRAM-hours,PROJECT-bumps,SKU-facepieces,BUSAREA-pair,LIABILITIES,ACCT2666,ENTITY10,-197536602.37
102,PROGRAM-attention,PROJECT-hairpin,SKU-grinders,BUSAREA-bolt,LIABILITIES,ACCT2832,ENTITY03,1051591912.62
103,PROGRAM-attention,PROJECT-hairpin,SKU-grinders,BUSAREA-oar,LIABILITIES,ACCT2666,ENTITY11,-1121310713.46
104,PROGRAM-attention,PROJECT-briefing,SKU-frequencies,BUSAREA-inventions,LIABILITIES,ACCT2832,ENTITY08,1121310713.46
105,PROGRAM-attention,PROJECT-hairpin,SKU-grinders,BUSAREA-directives,LIABILITIES,ACCT2499,ENTITY08,-1609342319.31
106,PROGRAM-attention,PROJECT-briefing,SKU-facepieces,BUSAREA-vices,LIABILITIES,ACCT2499,ENTITY02,2486637229.84
107,PROGRAM-hours,PROJECT-bumps,SKU-accruement,BUSAREA-owners,LIABILITIES,ACCT2666,ENTITY09,-2800371833.6
108,PROGRAM-stars,PROJECT-hairpin,SKU-frequencies,BUSAREA-fiction,LIABILITIES,ACCT2333,ENTITY10,-3038577736.46
109,PROGRAM-stars,PROJECT-yolk,SKU-frequencies,BUSAREA-inventions,LIABILITIES,ACCT2166,ENTITY01,-395073204.74
110,PROGRAM-stars,PROJECT-yolk,SKU-frequencies,BUSAREA-fiction,LIABILITIES,ACCT2666,ENTITY09,2353009528.24
111,PROGRAM-hours,PROJECT-bumps,SKU-facepieces,BUSAREA-fiction,LIABILITIES,ACCT2499,ENTITY03,2817801533.81
112,PROGRAM-stars,PROJECT-yolk,SKU-facepieces,BUSAREA-inventions,LIABILITIES,ACCT2166,ENTITY11,1191029514.29
113,PROGRAM-attention,PROJECT-briefing,SKU-frequencies,BUSAREA-inventions,LIABILITIES,ACCT2333,ENTITY11,-98768301.19
114,PROGRAM-attention,PROJECT-briefing,SKU-grinders,BUSAREA-hierarchy,LIABILITIES,ACCT2499,ENTITY02,-1992795723.91
115,PROGRAM-hours,PROJECT-briefing,SKU-frequencies,BUSAREA-oar,LIABILITIES,ACCT2166,ENTITY10,122007901.46
116,PROGRAM-computation,PROJECT-bumps,SKU-frequencies,BUSAREA-hierarchy,LIABILITIES,ACCT2832,ENTITY06,-185916802.23
117,PROGRAM-computation,PROJECT-briefing,SKU-accruement,BUSAREA-directives,LIABILITIES,ACCT2166,ENTITY05,-2265861027.19
118,PROGRAM-stars,PROJECT-hairpin,SKU-accruement,BUSAREA-directives,LIABILITIES,ACCT2666,ENTITY10,1464094817.57
119,PROGRAM-hours,PROJECT-bumps,SKU-facepieces,BUSAREA-inventions,LIABILITIES,ACCT2832,ENTITY10,546130606.55
120,PROGRAM-hours,PROJECT-yolk,SKU-grinders,BUSAREA-owners,LIABILITIES,ACCT2832,ENTITY03,-883104810.6
121,PROGRAM-attention,PROJECT-hairpin,SKU-accruement,BUSAREA-fiction,LIABILITIES,ACCT2333,ENTITY11,2079944224.96
122,PROGRAM-computation,PROJECT-bumps,SKU-frequencies,BUSAREA-adjective,LIABILITIES,ACCT2499,ENTITY10,836625610.04
123,PROGRAM-stars,PROJECT-bumps,SKU-facepieces,BUSAREA-oar,LIABILITIES,ACCT2999,ENTITY03,-2323960027.89
124,PROGRAM-computation,PROJECT-bumps,SKU-frequencies,BUSAREA-oar,LIABILITIES,ACCT2666,ENTITY11,-69718800.84
125,PROGRAM-computation,PROJECT-hairpin,SKU-facepieces,BUSAREA-owners,LIABILITIES,ACCT2666,ENTITY11,-2283290727.4
126,PROGRAM-attention,PROJECT-yolk,SKU-frequencies,BUSAREA-pair,LIABILITIES,ACCT2832,ENTITY11,1132930513.6
127,PROGRAM-hours,PROJECT-briefing,SKU-frequencies,BUSAREA-fiction,LIABILITIES,ACCT2999,ENTITY06,319544503.83
128,PROGRAM-stars,PROJECT-yolk,SKU-frequencies,BUSAREA-directives,LIABILITIES,ACCT2666,ENTITY04,2788752033.47
129,PROGRAM-stars,PROJECT-hairpin,SKU-facepieces,BUSAREA-vices,LIABILITIES,ACCT2166,ENTITY06,-3317452939.81
130,PROGRAM-computation,PROJECT-yolk,SKU-frequencies,BUSAREA-hierarchy,LIABILITIES,ACCT2666,ENTITY04,2178712526.14
131,PROGRAM-hours,PROJECT-bumps,SKU-accruement,BUSAREA-hierarchy,LIABILITIES,ACCT2166,ENTITY04,2451777829.42
132,PROGRAM-computation,PROJECT-hairpin,SKU-frequencies,BUSAREA-pair,LIABILITIES,ACCT2832,ENTITY06,-1859168022.31
133,PROGRAM-stars,PROJECT-briefing,SKU-accruement,BUSAREA-fiction,LIABILITIES,ACCT2166,ENTITY04,-1957936323.5
134,PROGRAM-computation,PROJECT-briefing,SKU-frequencies,BUSAREA-bolt,LIABILITIES,ACCT2666,ENTITY01,2312340227.75
135,PROGRAM-stars,PROJECT-bumps,SKU-facepieces,BUSAREA-vices,LIABILITIES,ACCT2333,ENTITY09,2689983732.28
136,PROGRAM-stars,PROJECT-yolk,SKU-grinders,BUSAREA-inventions,LIABILITIES,ACCT2166,ENTITY05,1092261213.11
137,PROGRAM-hours,PROJECT-bumps,SKU-facepieces,BUSAREA-adjective,LIABILITIES,ACCT2333,ENTITY07,-360213804.32
138,PROGRAM-attention,PROJECT-hairpin,SKU-facepieces,BUSAREA-fiction,LIABILITIES,ACCT2166,ENTITY08,-1731350220.78
139,PROGRAM-stars,PROJECT-briefing,SKU-accruement,BUSAREA-inventions,LIABILITIES,ACCT2499,ENTITY05,1801069021.61
140,PROGRAM-hours,PROJECT-briefing,SKU-accruement,BUSAREA-owners,LIABILITIES,ACCT2832,ENTITY03,-3381361840.58
141,PROGRAM-attention,PROJECT-briefing,SKU-accruement,BUSAREA-owners,LIABILITIES,ACCT2333,ENTITY03,-395073204.74
142,PROGRAM-hours,PROJECT-hairpin,SKU-grinders,BUSAREA-adjective,LIABILITIES,ACCT2666,ENTITY02,-3178015338.14
143,PROGRAM-hours,PROJECT-bumps,SKU-accruement,BUSAREA-adjective,LIABILITIES,ACCT2166,ENTITY07,888914710.67
144,PROGRAM-computation,PROJECT-yolk,SKU-frequencies,BUSAREA-fiction,LIABILITIES,ACCT2832,ENTITY03,1777829421.33
145,PROGRAM-computation,PROJECT-briefing,SKU-frequencies,BUSAREA-directives,LIABILITIES,ACCT2832,ENTITY03,2149663025.8
146,PROGRAM-computation,PROJECT-bumps,SKU-accruement,BUSAREA-owners,LIABILITIES,ACCT2666,ENTITY10,-2974668835.7
147,PROGRAM-attention,PROJECT-hairpin,SKU-frequencies,BUSAREA-vices,LIABILITIES,ACCT2166,ENTITY01,-2085754125.03
148,PROGRAM-hours,PROJECT-hairpin,SKU-grinders,BUSAREA-fiction,LIABILITIES,ACCT2666,ENTITY08,-3288403439.46
149,PROGRAM-attention,PROJECT-bumps,SKU-frequencies,BUSAREA-adjective,LIABILITIES,ACCT2499,ENTITY10,-2550546130.61
150,PROGRAM-attention,PROJECT-yolk,SKU-grinders,BUSAREA-oar,LIABILITIES,ACCT2166,ENTITY09,-1080641412.97
151,PROGRAM-attention,PROJECT-hairpin,SKU-accruement,BUSAREA-fiction,LIABILITIES,ACCT2832,ENTITY05,2550546130.61
152,PROGRAM-computation,PROJECT-hairpin,SKU-frequencies,BUSAREA-oar,LIABILITIES,ACCT2499,ENTITY04,673948408.09
153,PROGRAM-computation,PROJECT-hairpin,SKU-frequencies,BUSAREA-pair,LIABILITIES,ACCT2832,ENTITY11,-1144550313.73
154,PROGRAM-computation,PROJECT-briefing,SKU-accruement,BUSAREA-owners,LIABILITIES,ACCT2666,ENTITY09,-2637694631.65
155,PROGRAM-stars,PROJECT-hairpin,SKU-frequencies,BUSAREA-bolt,LIABILITIES,ACCT2666,ENTITY06,-145247501.74
156,PROGRAM-computation,PROJECT-yolk,SKU-grinders,BUSAREA-bolt,LIABILITIES,ACCT2666,ENTITY02,-1487334417.85
157,PROGRAM-hours,PROJECT-briefing,SKU-grinders,BUSAREA-adjective,LIABILITIES,ACCT2832,ENTITY05,-2091564025.1
158,PROGRAM-attention,PROJECT-briefing,SKU-accruement,BUSAREA-inventions,LIABILITIES,ACCT2832,ENTITY01,-2771322333.26
159,PROGRAM-computation,PROJECT-briefing,SKU-facepieces,BUSAREA-hierarchy,LIABILITIES,ACCT2999,ENTITY10,-720427608.65
160,PROGRAM-computation,PROJECT-bumps,SKU-frequencies,BUSAREA-directives,LIABILITIES,ACCT2832,ENTITY04,139437601.67
161,PROGRAM-computation,PROJECT-yolk,SKU-grinders,BUSAREA-bolt,LIABILITIES,ACCT2666,ENTITY05,1760399721.12
162,PROGRAM-hours,PROJECT-hairpin,SKU-accruement,BUSAREA-oar,LIABILITIES,ACCT2832,ENTITY05,-2527306530.33
163,PROGRAM-hours,PROJECT-briefing,SKU-accruement,BUSAREA-oar,LIABILITIES,ACCT2166,ENTITY03,2521496630.26
164,PROGRAM-stars,PROJECT-briefing,SKU-facepieces,BUSAREA-fiction,LIABILITIES,ACCT2832,ENTITY01,-2701603532.42
165,PROGRAM-hours,PROJECT-hairpin,SKU-frequencies,BUSAREA-inventions,LIABILITIES,ACCT2166,ENTITY02,482221705.79
166,PROGRAM-computation,PROJECT-briefing,SKU-frequencies,BUSAREA-pair,LIABILITIES,ACCT2832,ENTITY08,-807576109.69
167,PROGRAM-hours,PROJECT-briefing,SKU-facepieces,BUSAREA-fiction,LIABILITIES,ACCT2333,ENTITY07,836625610.04
168,PROGRAM-attention,PROJECT-hairpin,SKU-grinders,BUSAREA-fiction,LIABILITIES,ACCT2166,ENTITY04,302114803.63
169,PROGRAM-computation,PROJECT-briefing,SKU-grinders,BUSAREA-hierarchy,LIABILITIES,ACCT2166,ENTITY08,-3137346037.65
170,PROGRAM-computation,PROJECT-briefing,SKU-facepieces,BUSAREA-pair,LIABILITIES,ACCT2832,ENTITY05,-92958401.12
171,PROGRAM-stars,PROJECT-bumps,SKU-accruement,BUSAREA-adjective,LIABILITIES,ACCT2166,ENTITY02,1667441320.01
172,PROGRAM-computation,PROJECT-bumps,SKU-accruement,BUSAREA-vices,LIABILITIES,ACCT2166,ENTITY10,2004415524.05
173,PROGRAM-computation,PROJECT-hairpin,SKU-grinders,BUSAREA-inventions,LIABILITIES,ACCT2333,ENTITY11,63908900.77
174,PROGRAM-hours,PROJECT-bumps,SKU-facepieces,BUSAREA-inventions,LIABILITIES,ACCT2333,ENTITY02,-3125726237.51
175,PROGRAM-stars,PROJECT-yolk,SKU-accruement,BUSAREA-owners,LIABILITIES,ACCT2666,ENTITY03,-2091564025.1
176,PROGRAM-hours,PROJECT-briefing,SKU-frequencies,BUSAREA-owners,LIABILITIES,ACCT2166,ENTITY11,1708110620.5
177,PROGRAM-computation,PROJECT-hairpin,SKU-frequencies,BUSAREA-inventions,LIABILITIES,ACCT2333,ENTITY09,-2393678828.72
178,PROGRAM-attention,PROJECT-yolk,SKU-grinders,BUSAREA-inventions,LIABILITIES,ACCT2832,ENTITY03,-2056704624.68
179,PROGRAM-attention,PROJECT-bumps,SKU-grinders,BUSAREA-owners,LIABILITIES,ACCT2666,ENTITY04,1394376016.73
180,PROGRAM-hours,PROJECT-yolk,SKU-grinders,BUSAREA-oar,LIABILITIES,ACCT2666,ENTITY11,1063211712.76
181,PROGRAM-hours,PROJECT-yolk,SKU-accruement,BUSAREA-hierarchy,LIABILITIES,ACCT2499,ENTITY09,-1493144317.92
182,PROGRAM-hours,PROJECT-hairpin,SKU-accruement,BUSAREA-owners,LIABILITIES,ACCT2832,ENTITY01,-3300023239.6
183,PROGRAM-hours,PROJECT-hairpin,SKU-accruement,BUSAREA-directives,LIABILITIES,ACCT2166,ENTITY04,-1992795723.91
184,PROGRAM-computation,PROJECT-yolk,SKU-grinders,BUSAREA-vices,LIABILITIES,ACCT2666,ENTITY02,-2504066930.05
185,PROGRAM-hours,PROJECT-bumps,SKU-facepieces,BUSAREA-fiction,LIABILITIES,ACCT2832,ENTITY07,-2997908435.97
186,PROGRAM-computation,PROJECT-bumps,SKU-frequencies,BUSAREA-pair,LIABILITIES,ACCT2333,ENTITY03,-2660934231.93
187,PROGRAM-attention,PROJECT-yolk,SKU-frequencies,BUSAREA-directives,LIABILITIES,ACCT2999,ENTITY08,-1568673018.82
188,PROGRAM-computation,PROJECT-yolk,SKU-grinders,BUSAREA-oar,LIABILITIES,ACCT2333,ENTITY01,656518707.88
189,PROGRAM-stars,PROJECT-hairpin,SKU-frequencies,BUSAREA-inventions,LIABILITIES,ACCT2166,ENTITY10,-1923076923.08
190,PROGRAM-stars,PROJECT-bumps,SKU-frequencies,BUSAREA-hierarchy,LIABILITIES,ACCT2666,ENTITY10,1522193818.27
191,PROGRAM-stars,PROJECT-briefing,SKU-facepieces,BUSAREA-directives,LIABILITIES,ACCT2832,ENTITY04,1475714617.71
192,PROGRAM-attention,PROJECT-bumps,SKU-facepieces,BUSAREA-adjective,LIABILITIES,ACCT2999,ENTITY09,-1498954217.99
193,PROGRAM-attention,PROJECT-yolk,SKU-facepieces,BUSAREA-inventions,LIABILITIES,ACCT2832,ENTITY02,145247501.74
194,PROGRAM-hours,PROJECT-bumps,SKU-grinders,BUSAREA-bolt,LIABILITIES,ACCT2499,ENTITY04,-865675110.39
195,PROGRAM-hours,PROJECT-yolk,SKU-facepieces,BUSAREA-vices,LIABILITIES,ACCT2333,ENTITY10,-3270973739.25
196,PROGRAM-hours,PROJECT-yolk,SKU-grinders,BUSAREA-bolt,LIABILITIES,ACCT2166,ENTITY04,2277480827.33
197,PROGRAM-attention,PROJECT-yolk,SKU-accruement,BUSAREA-hierarchy,LIABILITIES,ACCT2832,ENTITY04,2190332326.28
198,PROGRAM-hours,PROJECT-bumps,SKU-facepieces,BUSAREA-adjective,LIABILITIES,ACCT2832,ENTITY01,2434348129.21
199,PROGRAM-attention,PROJECT-hairpin,SKU-accruement,BUSAREA-pair,LIABILITIES,ACCT2166,ENTITY04,-3282593539.39
200,PROGRAM-attention,PROJECT-briefing,SKU-facepieces,BUSAREA-hierarchy,LIABILITIES,ACCT2666,ENTITY08,-40669300.49
201,PROGRAM-attention,PROJECT-yolk,SKU-accruement,BUSAREA-fiction,LIABILITIES,ACCT2999,ENTITY06,-1132930513.6
202,PROGRAM-hours,PROJECT-hairpin,SKU-accruement,BUSAREA-inventions,LIABILITIES,ACCT2499,ENTITY08,-755287009.06
203,PROGRAM-attention,PROJECT-yolk,SKU-accruement,BUSAREA-fiction,LIABILITIES,ACCT2166,ENTITY06,98768301.19
204,PROGRAM-stars,PROJECT-bumps,SKU-facepieces,BUSAREA-pair,LIABILITIES,ACCT2499,ENTITY10,900534510.81
205,PROGRAM-stars,PROJECT-bumps,SKU-grinders,BUSAREA-directives,LIABILITIES,ACCT2999,ENTITY03,-2533116430.4
206,PROGRAM-computation,PROJECT-yolk,SKU-accruement,BUSAREA-hierarchy,LIABILITIES,ACCT2999,ENTITY08,807576109.69
207,PROGRAM-stars,PROJECT-briefing,SKU-accruement,BUSAREA-hierarchy,LIABILITIES,ACCT2666,ENTITY11,2382059028.58
208,PROGRAM-computation,PROJECT-hairpin,SKU-facepieces,BUSAREA-directives,LIABILITIES,ACCT2333,ENTITY06,-116198001.39
209,PROGRAM-hours,PROJECT-yolk,SKU-frequencies,BUSAREA-pair,LIABILITIES,ACCT2999,ENTITY04,2085754125.03
210,PROGRAM-hours,PROJECT-hairpin,SKU-grinders,BUSAREA-pair,LIABILITIES,ACCT2499,ENTITY07,-1551243318.61
211,PROGRAM-computation,PROJECT-hairpin,SKU-grinders,BUSAREA-bolt,LIABILITIES,ACCT2666,ENTITY06,2445967929.35
212,PROGRAM-hours,PROJECT-briefing,SKU-grinders,BUSAREA-vices,LIABILITIES,ACCT2333,ENTITY09,-2323960027.89
213,PROGRAM-stars,PROJECT-yolk,SKU-grinders,BUSAREA-directives,LIABILITIES,ACCT2333,ENTITY08,2138043225.66
214,PROGRAM-attention,PROJECT-yolk,SKU-frequencies,BUSAREA-vices,LIABILITIES,ACCT2666,ENTITY03,-3369742040.44
215,PROGRAM-hours,PROJECT-bumps,SKU-accruement,BUSAREA-pair,LIABILITIES,ACCT2999,ENTITY09,1801069021.61
216,PROGRAM-attention,PROJECT-bumps,SKU-grinders,BUSAREA-inventions,LIABILITIES,ACCT2832,ENTITY10,476411805.72
217,PROGRAM-stars,PROJECT-yolk,SKU-accruement,BUSAREA-hierarchy,LIABILITIES,ACCT2999,ENTITY04,-1655821519.87
218,PROGRAM-attention,PROJECT-briefing,SKU-facepieces,BUSAREA-directives,LIABILITIES,ACCT2166,ENTITY03,-2509876830.12
219,PROGRAM-attention,PROJECT-bumps,SKU-frequencies,BUSAREA-adjective,LIABILITIES,ACCT2499,ENTITY08,2213571926.56
220,PROGRAM-attention,PROJECT-hairpin,SKU-facepieces,BUSAREA-fiction,LIABILITIES,ACCT2166,ENTITY02,1650011619.8
221,PROGRAM-hours,PROJECT-yolk,SKU-grinders,BUSAREA-bolt,LIABILITIES,ACCT2333,ENTITY10,441552405.3
222,PROGRAM-attention,PROJECT-bumps,SKU-grinders,BUSAREA-vices,LIABILITIES,ACCT2832,ENTITY09,1359516616.31
223,PROGRAM-attention,PROJECT-hairpin,SKU-facepieces,BUSAREA-pair,LIABILITIES,ACCT2166,ENTITY04,-627469207.53
224,PROGRAM-attention,PROJECT-briefing,SKU-frequencies,BUSAREA-adjective,LIABILITIES,ACCT2666,ENTITY01,-1347896816.17
225,PROGRAM-computation,PROJECT-hairpin,SKU-frequencies,BUSAREA-inventions,LIABILITIES,ACCT2832,ENTITY08,180106902.16
226,PROGRAM-hours,PROJECT-bumps,SKU-frequencies,BUSAREA-oar,LIABILITIES,ACCT2832,ENTITY07,284685103.42
227,PROGRAM-stars,PROJECT-briefing,SKU-frequencies,BUSAREA-oar,LIABILITIES,ACCT2832,ENTITY09,-1045782012.55
228,PROGRAM-computation,PROJECT-yolk,SKU-frequencies,BUSAREA-oar,LIABILITIES,ACCT2333,ENTITY01,1946316523.36
229,PROGRAM-stars,PROJECT-briefing,SKU-accruement,BUSAREA-directives,LIABILITIES,ACCT2333,ENTITY07,2684173832.21
230,PROGRAM-attention,PROJECT-briefing,SKU-grinders,BUSAREA-pair,LIABILITIES,ACCT2999,ENTITY09,1347896816.17
231,PROGRAM-attention,PROJECT-yolk,SKU-accruement,BUSAREA-hierarchy,LIABILITIES,ACCT2666,ENTITY10,-2393678828.72
232,PROGRAM-computation,PROJECT-yolk,SKU-frequencies,BUSAREA-adjective,LIABILITIES,ACCT2832,ENTITY09,-2440158029.28
233,PROGRAM-computation,PROJECT-yolk,SKU-grinders,BUSAREA-directives,LIABILITIES,ACCT2333,ENTITY05,81338600.98
234,PROGRAM-attention,PROJECT-briefing,SKU-frequencies,BUSAREA-adjective,LIABILITIES,ACCT2166,ENTITY05,-1940506623.29
235,PROGRAM-hours,PROJECT-briefing,SKU-grinders,BUSAREA-hierarchy,LIABILITIES,ACCT2499,ENTITY02,-493841505.93
236,PROGRAM-hours,PROJECT-bumps,SKU-accruement,BUSAREA-bolt,LIABILITIES,ACCT2832,ENTITY04,1092261213.11
237,PROGRAM-computation,PROJECT-hairpin,SKU-facepieces,BUSAREA-inventions,LIABILITIES,ACCT2832,ENTITY01,-3096676737.16
238,PROGRAM-hours,PROJECT-bumps,SKU-facepieces,BUSAREA-fiction,LIABILITIES,ACCT2166,ENTITY02,2544736230.54
239,PROGRAM-hours,PROJECT-hairpin,SKU-grinders,BUSAREA-inventions,LIABILITIES,ACCT2333,ENTITY10,-1498954217.99
240,PROGRAM-computation,PROJECT-yolk,SKU-accruement,BUSAREA-inventions,LIABILITIES,ACCT2666,ENTITY09,586799907.04
241,PROGRAM-hours,PROJECT-yolk,SKU-grinders,BUSAREA-directives,LIABILITIES,ACCT2333,ENTITY05,1888217522.66
242,PROGRAM-stars,PROJECT-yolk,SKU-grinders,BUSAREA-hierarchy,LIABILITIES,ACCT2166,ENTITY04,2800371833.6
243,PROGRAM-attention,PROJECT-yolk,SKU-frequencies,BUSAREA-fiction,LIABILITIES,ACCT2999,ENTITY09,-761096909.13
244,PROGRAM-computation,PROJECT-briefing,SKU-accruement,BUSAREA-directives,LIABILITIES,ACCT2166,ENTITY02,-2556356030.68
245,PROGRAM-attention,PROJECT-yolk,SKU-accruement,BUSAREA-hierarchy,LIABILITIES,ACCT2666,ENTITY11,-3178015338.14
246,PROGRAM-stars,PROJECT-briefing,SKU-grinders,BUSAREA-hierarchy,LIABILITIES,ACCT2499,ENTITY03,-854055310.25
247,PROGRAM-attention,PROJECT-briefing,SKU-facepieces,BUSAREA-vices,LIABILITIES,ACCT2666,ENTITY07,2271670927.26
248,PROGRAM-hours,PROJECT-yolk,SKU-frequencies,BUSAREA-bolt,LIABILITIES,ACCT2666,ENTITY02,-1574482918.89
249,PROGRAM-computation,PROJECT-bumps,SKU-accruement,BUSAREA-hierarchy,LIABILITIES,ACCT2832,ENTITY04,-685568208.23
250,PROGRAM-hours,PROJECT-hairpin,SKU-frequencies,BUSAREA-fiction,LIABILITIES,ACCT2832,ENTITY09,-3265163839.18
251,PROGRAM-stars,PROJECT-yolk,SKU-accruement,BUSAREA-adjective,LIABILITIES,ACCT2832,ENTITY01,-1132930513.6
252,PROGRAM-hours,PROJECT-hairpin,SKU-frequencies,BUSAREA-inventions,LIABILITIES,ACCT2999,ENTITY08,-1115500813.39
253,PROGRAM-computation,PROJECT-bumps,SKU-grinders,BUSAREA-pair,LIABILITIES,ACCT2166,ENTITY04,1324657215.9
254,PROGRAM-hours,PROJECT-hairpin,SKU-accruement,BUSAREA-inventions,LIABILITIES,ACCT2499,ENTITY07,-307924703.7
255,PROGRAM-computation,PROJECT-bumps,SKU-frequencies,BUSAREA-directives,LIABILITIES,ACCT2832,ENTITY02,2021845224.26
256,PROGRAM-attention,PROJECT-bumps,SKU-facepieces,BUSAREA-pair,LIABILITIES,ACCT2832,ENTITY05,-1278178015.34
257,PROGRAM-stars,PROJECT-briefing,SKU-frequencies,BUSAREA-inventions,LIABILITIES,ACCT2166,ENTITY10,-1260748315.13
258,PROGRAM-computation,PROJECT-yolk,SKU-facepieces,BUSAREA-fiction,LIABILITIES,ACCT2166,ENTITY09,1109690913.32
259,PROGRAM-stars,PROJECT-bumps,SKU-grinders,BUSAREA-bolt,LIABILITIES,ACCT2499,ENTITY10,-1411805716.94
260,PROGRAM-attention,PROJECT-hairpin,SKU-accruement,BUSAREA-pair,LIABILITIES,ACCT2499,ENTITY10,-1283987915.41
261,PROGRAM-hours,PROJECT-bumps,SKU-grinders,BUSAREA-vices,LIABILITIES,ACCT2832,ENTITY05,2591215431.09
262,PROGRAM-attention,PROJECT-yolk,SKU-frequencies,BUSAREA-fiction,LIABILITIES,ACCT2832,ENTITY10,-2039274924.47
263,PROGRAM-hours,PROJECT-briefing,SKU-facepieces,BUSAREA-pair,LIABILITIES,ACCT2499,ENTITY07,-3462700441.55
264,PROGRAM-computation,PROJECT-briefing,SKU-grinders,BUSAREA-hierarchy,LIABILITIES,ACCT2166,ENTITY05,2742272832.91
265,PROGRAM-hours,PROJECT-bumps,SKU-accruement,BUSAREA-fiction,LIABILITIES,ACCT2166,ENTITY01,-3026957936.32
266,PROGRAM-computation,PROJECT-bumps,SKU-grinders,BUSAREA-adjective,LIABILITIES,ACCT2333,ENTITY07,-1510574018.13
267,PROGRAM-hours,PROJECT-briefing,SKU-accruement,BUSAREA-oar,LIABILITIES,ACCT2166,ENTITY04,-1969556123.63
268,PROGRAM-computation,PROJECT-bumps,SKU-facepieces,BUSAREA-fiction,LIABILITIES,ACCT2333,ENTITY11,708807808.51
269,PROGRAM-stars,PROJECT-hairpin,SKU-facepieces,BUSAREA-hierarchy,LIABILITIES,ACCT2999,ENTITY04,662328607.95
270,PROGRAM-attention,PROJECT-yolk,SKU-accruement,BUSAREA-hierarchy,LIABILITIES,ACCT2166,ENTITY01,-1191029514.29
271,PROGRAM-hours,PROJECT-yolk,SKU-accruement,BUSAREA-bolt,LIABILITIES,ACCT2499,ENTITY06,-2637694631.65
272,PROGRAM-attention,PROJECT-bumps,SKU-grinders,BUSAREA-fiction,LIABILITIES,ACCT2166,ENTITY01,-662328607.95
273,PROGRAM-computation,PROJECT-briefing,SKU-accruement,BUSAREA-inventions,LIABILITIES,ACCT2832,ENTITY05,2672554032.07
274,PROGRAM-computation,PROJECT-briefing,SKU-frequencies,BUSAREA-directives,LIABILITIES,ACCT2333,ENTITY05,-2806181733.67
275,PROGRAM-attention,PROJECT-hairpin,SKU-frequencies,BUSAREA-bolt,LIABILITIES,ACCT2499,ENTITY04,-40669300.49
276,PROGRAM-stars,PROJECT-briefing,SKU-frequencies,BUSAREA-inventions,LIABILITIES,ACCT2999,ENTITY06,-162677201.95
277,PROGRAM-computation,PROJECT-briefing,SKU-grinders,BUSAREA-inventions,LIABILITIES,ACCT2166,ENTITY11,883104810.6
278,PROGRAM-computation,PROJECT-yolk,SKU-grinders,BUSAREA-pair,LIABILITIES,ACCT2832,ENTITY01,-2916569835.0
279,PROGRAM-stars,PROJECT-yolk,SKU-frequencies,BUSAREA-vices,LIABILITIES,ACCT2999,ENTITY09,-3456890541.48
280,PROGRAM-stars,PROJECT-hairpin,SKU-facepieces,BUSAREA-fiction,LIABILITIES,ACCT2832,ENTITY05,1005112712.06
281,PROGRAM-attention,PROJECT-yolk,SKU-frequencies,BUSAREA-pair,LIABILITIES,ACCT2666,ENTITY11,1045782012.55
282,PROGRAM-attention,PROJECT-hairpin,SKU-grinders,BUSAREA-directives,LIABILITIES,ACCT2499,ENTITY07,912154310.95
283,PROGRAM-computation,PROJECT-yolk,SKU-facepieces,BUSAREA-adjective,LIABILITIES,ACCT2499,ENTITY01,1917267023.01
284,PROGRAM-computation,PROJECT-yolk,SKU-frequencies,BUSAREA-bolt,LIABILITIES,ACCT2499,ENTITY04,2184522426.21
285,PROGRAM-stars,PROJECT-yolk,SKU-facepieces,BUSAREA-oar,LIABILITIES,ACCT2499,ENTITY10,-162677201.95
286,PROGRAM-hours,PROJECT-bumps,SKU-frequencies,BUSAREA-vices,LIABILITIES,ACCT2166,ENTITY07,784336509.41
287,PROGRAM-attention,PROJECT-yolk,SKU-frequencies,BUSAREA-adjective,LIABILITIES,ACCT2999,ENTITY09,-505461306.07
288,PROGRAM-computation,PROJECT-bumps,SKU-grinders,BUSAREA-vices,LIABILITIES,ACCT2333,ENTITY03,-2294910527.54
289,PROGRAM-hours,PROJECT-yolk,SKU-grinders,BUSAREA-adjective,LIABILITIES,ACCT2832,ENTITY05,-1777829421.33
290,PROGRAM-hours,PROJECT-yolk,SKU-grinders,BUSAREA-fiction,LIABILITIES,ACCT2499,ENTITY07,1010922612.13
291,PROGRAM-stars,PROJECT-yolk,SKU-grinders,BUSAREA-hierarchy,LIABILITIES,ACCT2832,ENTITY06,-3067627236.81
292,PROGRAM-hours,PROJECT-bumps,SKU-grinders,BUSAREA-owners,LIABILITIES,ACCT2166,ENTITY04,1789449221.47
293,PROGRAM-hours,PROJECT-briefing,SKU-accruement,BUSAREA-owners,LIABILITIES,ACCT2999,ENTITY10,-3218684638.62
294,PROGRAM-hours,PROJECT-bumps,SKU-accruement,BUSAREA-directives,LIABILITIES,ACCT2666,ENTITY10,2045084824.54
295,PROGRAM-stars,PROJECT-bumps,SKU-accruement,BUSAREA-directives,LIABILITIES,ACCT2499,ENTITY02,-2933999535.21
296,PROGRAM-stars,PROJECT-yolk,SKU-frequencies,BUSAREA-fiction,LIABILITIES,ACCT2999,ENTITY01,580990006.97
297,PROGRAM-hours,PROJECT-yolk,SKU-facepieces,BUSAREA-oar,LIABILITIES,ACCT2666,ENTITY06,2753892633.05
298,PROGRAM-computation,PROJECT-briefing,SKU-grinders,BUSAREA-hierarchy,LIABILITIES,ACCT2666,ENTITY01,-1696490820.36
299,PROGRAM-stars,PROJECT-bumps,SKU-frequencies,BUSAREA-oar,LIABILITIES,ACCT2333,ENTITY01,319544503.83
300,PROGRAM-stars,PROJECT-bumps,SKU-frequencies,BUSAREA-hierarchy,LIABILITIES,ACCT2499,ENTITY03,-2335579828.03
301,PROGRAM-stars,PROJECT-bumps,SKU-frequencies,BUSAREA-fiction,LIABILITIES,ACCT2333,ENTITY10,-2823611433.88
302,PROGRAM-attention,PROJECT-bumps,SKU-frequencies,BUSAREA-adjective,LIABILITIES,ACCT2666,ENTITY06,-2730653032.77
303,PROGRAM-attention,PROJECT-briefing,SKU-frequencies,BUSAREA-owners,LIABILITIES,ACCT2832,ENTITY06,-2451777829.42
304,PROGRAM-computation,PROJECT-briefing,SKU-grinders,BUSAREA-bolt,LIABILITIES,ACCT2499,ENTITY08,-3015338136.18
305,PROGRAM-stars,PROJECT-briefing,SKU-grinders,BUSAREA-bolt,LIABILITIES,ACCT2999,ENTITY04,1551243318.61
306,PROGRAM-hours,PROJECT-hairpin,SKU-grinders,BUSAREA-owners,LIABILITIES,ACCT2333,ENTITY02,1882407622.59
307,PROGRAM-computation,PROJECT-bumps,SKU-frequencies,BUSAREA-owners,LIABILITIES,ACCT2499,ENTITY01,1510574018.13
308,PROGRAM-hours,PROJECT-hairpin,SKU-accruement,BUSAREA-oar,LIABILITIES,ACCT2333,ENTITY07,-656518707.88
309,PROGRAM-attention,PROJECT-bumps,SKU-accruement,BUSAREA-oar,LIABILITIES,ACCT2666,ENTITY03,2480827329.77
310,PROGRAM-stars,PROJECT-bumps,SKU-grinders,BUSAREA-inventions,LIABILITIES,ACCT2499,ENTITY04,-2434348129.21
311,PROGRAM-attention,PROJECT-bumps,SKU-accruement,BUSAREA-inventions,LIABILITIES,ACCT2499,ENTITY05,2486637229.84
312,PROGRAM-stars,PROJECT-yolk,SKU-facepieces,BUSAREA-oar,LIABILITIES,ACCT2999,ENTITY06,1342086916.11
313,PROGRAM-hours,PROJECT-yolk,SKU-grinders,BUSAREA-vices,LIABILITIES,ACCT2832,ENTITY07,2614455031.37
314,PROGRAM-stars,PROJECT-hairpin,SKU-facepieces,BUSAREA-hierarchy,LIABILITIES,ACCT2499,ENTITY03,-412502904.95
315,PROGRAM-attention,PROJECT-hairpin,SKU-frequencies,BUSAREA-oar,LIABILITIES,ACCT2832,ENTITY08,-2997908435.97
316,PROGRAM-stars,PROJECT-yolk,SKU-facepieces,BUSAREA-inventions,LIABILITIES,ACCT2499,ENTITY06,1475714617.71
317,PROGRAM-hours,PROJECT-hairpin,SKU-grinders,BUSAREA-fiction,LIABILITIES,ACCT2999,ENTITY02,1713920520.57
